collection,word,translation,article,plural,word_class,example,topic,source_page
cosmopolite-a1-methode,Allemagne,,l',,noun,numéro un — l'Allemagne,travel,015
cosmopolite-a1-methode,Australie,,,,noun,,travel,015
cosmopolite-a1-methode,Brésil,,,,noun,,travel,015
cosmopolite-a1-methode,Canada,,,,noun,,travel,015
cosmopolite-a1-methode,Chine,,la,,noun,numéro cinq — la Chine,travel,015
cosmopolite-a1-methode,Corée du Sud,,,,noun,,travel,015
cosmopolite-a1-methode,Croatie,,,,noun,,travel,015
cosmopolite-a1-methode,Cuba,,,,noun,,travel,015
cosmopolite-a1-methode,Espagne,,,,noun,,travel,015
cosmopolite-a1-methode,France,,,,noun,,travel,015
cosmopolite-a1-methode,Grande-Bretagne,,la,,noun,numéro trois — la Grande-Bretagne,travel,015
cosmopolite-a1-methode,Hongrie,,,,noun,,travel,015
cosmopolite-a1-methode,Italie,,,,noun,,travel,015
cosmopolite-a1-methode,Jamaïque,,,,noun,,travel,015
cosmopolite-a1-methode,Japon,,,,noun,,travel,015
cosmopolite-a1-methode,Kenya,,,,noun,,travel,015
cosmopolite-a1-methode,Nouvelle-Zélande,,,,noun,,travel,015
cosmopolite-a1-methode,Pays-Bas,,,,noun,,travel,015
cosmopolite-a1-methode,Russie,,la,,noun,numéro deux — la Russie,travel,015
cosmopolite-a1-methode,États-Unis,,les,,noun,numéro quatre — les États-Unis,travel,015
cosmopolite-a1-methode,Brésil,,le,,noun,le Brésil,travel,016
cosmopolite-a1-methode,Cambodge,,le,,noun,le Cambodge,travel,016
cosmopolite-a1-methode,Chine,,la,,noun,la Chine,travel,016
cosmopolite-a1-methode,Chypre,,,,noun,,travel,016
cosmopolite-a1-methode,cinq,,,,other,,none,016
cosmopolite-a1-methode,cinquante,,,,other,,none,016
cosmopolite-a1-methode,cinquante et un,,,,other,,none,016
cosmopolite-a1-methode,cinquante-cinq,,,,other,,none,016
cosmopolite-a1-methode,cinquante-deux,,,,other,,none,016
cosmopolite-a1-methode,cinquante-neuf,,,,other,,none,016
cosmopolite-a1-methode,cinquante-quatre,,,,other,,none,016
cosmopolite-a1-methode,cinquante-sept,,,,other,,none,016
cosmopolite-a1-methode,Cuba,,,,noun,,travel,016
cosmopolite-a1-methode,deux,,,,other,,none,016
cosmopolite-a1-methode,dix,,,,other,,none,016
cosmopolite-a1-methode,dix-huit,,,,other,,none,016
cosmopolite-a1-methode,dix-neuf,,,,other,,none,016
cosmopolite-a1-methode,dix-sept,,,,other,,none,016
cosmopolite-a1-methode,douze,,,,other,,none,016
cosmopolite-a1-methode,Espagne,,l',,noun,l'Espagne,travel,016
cosmopolite-a1-methode,France,,la,,noun,la France,travel,016
cosmopolite-a1-methode,Haïti,,,,noun,,travel,016
cosmopolite-a1-methode,huit,,,,other,,none,016
cosmopolite-a1-methode,Iran,,l',,noun,l'Iran,travel,016
cosmopolite-a1-methode,Liban,,le,,noun,le Liban,travel,016
cosmopolite-a1-methode,Madagascar,,,,noun,,travel,016
cosmopolite-a1-methode,Malte,,,,noun,,travel,016
cosmopolite-a1-methode,Mexique,,le,,noun,le Mexique,travel,016
cosmopolite-a1-methode,neuf,,,,other,,none,016
cosmopolite-a1-methode,onze,,,,other,,none,016
cosmopolite-a1-methode,Pays-Bas,,les,,noun,les Pays-Bas,travel,016
cosmopolite-a1-methode,quarante,,,,other,,none,016
cosmopolite-a1-methode,quarante-cinq,,,,other,,none,016
cosmopolite-a1-methode,quarante-deux,,,,other,,none,016
cosmopolite-a1-methode,quarante-huit,,,,other,,none,016
cosmopolite-a1-methode,quarante-sept,,,,other,,none,016
cosmopolite-a1-methode,quarante-six,,,,other,,none,016
cosmopolite-a1-methode,quarante-trois,,,,other,,none,016
cosmopolite-a1-methode,quatorze,,,,other,,none,016
cosmopolite-a1-methode,quatre,,,,other,,none,016
cosmopolite-a1-methode,quinze,,,,other,,none,016
cosmopolite-a1-methode,seize,,,,other,,none,016
cosmopolite-a1-methode,sept,,,,other,,none,016
cosmopolite-a1-methode,Singapour,,,,noun,,travel,016
cosmopolite-a1-methode,six,,,,other,,none,016
cosmopolite-a1-methode,soixante,,,,other,,none,016
cosmopolite-a1-methode,soixante-cinq,,,,other,,none,016
cosmopolite-a1-methode,soixante-deux,,,,other,,none,016
cosmopolite-a1-methode,soixante-huit,,,,other,,none,016
cosmopolite-a1-methode,soixante-neuf,,,,other,,none,016
cosmopolite-a1-methode,soixante-quatre,,,,other,,none,016
cosmopolite-a1-methode,soixante-sept,,,,other,,none,016
cosmopolite-a1-methode,soixante-trois,,,,other,,none,016
cosmopolite-a1-methode,treize,,,,other,,none,016
cosmopolite-a1-methode,trente,,,,other,,none,016
cosmopolite-a1-methode,trente et un,,,,other,,none,016
cosmopolite-a1-methode,trente-cinq,,,,other,,none,016
cosmopolite-a1-methode,trente-huit,,,,other,,none,016
cosmopolite-a1-methode,trente-neuf,,,,other,,none,016
cosmopolite-a1-methode,trente-quatre,,,,other,,none,016
cosmopolite-a1-methode,trente-six,,,,other,,none,016
cosmopolite-a1-methode,trente-trois,,,,other,,none,016
cosmopolite-a1-methode,trois,,,,other,,none,016
cosmopolite-a1-methode,un,,,,other,,none,016
cosmopolite-a1-methode,vingt,,,,other,,none,016
cosmopolite-a1-methode,vingt-cinq,,,,other,,none,016
cosmopolite-a1-methode,vingt-deux,,,,other,,none,016
cosmopolite-a1-methode,vingt-huit,,,,other,,none,016
cosmopolite-a1-methode,vingt-neuf,,,,other,,none,016
cosmopolite-a1-methode,vingt-quatre,,,,other,,none,016
cosmopolite-a1-methode,vingt-sept,,,,other,,none,016
cosmopolite-a1-methode,vingt-six,,,,other,,none,016
cosmopolite-a1-methode,vingt-trois,,,,other,,none,016
cosmopolite-a1-methode,zéro,,,,other,,none,016
cosmopolite-a1-methode,États-Unis,,les,,noun,les États-Unis,travel,016
cosmopolite-a1-methode,Comment on dit today en français ?,,,,phrase,Comment on dit today en français ?,school,018
cosmopolite-a1-methode,Comment ça s'écrit ?,,,,phrase,Comment ça s'écrit ?,school,018
cosmopolite-a1-methode,Fermez le livre.,,,,phrase,Fermez le livre.,school,018
cosmopolite-a1-methode,février,,,,noun,,time-dates,018
cosmopolite-a1-methode,janvier,,,,noun,,time-dates,018
cosmopolite-a1-methode,Je ne comprends pas.,,,,phrase,Je ne comprends pas.,school,018
cosmopolite-a1-methode,Je ne sais pas.,,,,phrase,Je ne sais pas.,school,018
cosmopolite-a1-methode,lundi,,,,noun,lundi,time-dates,018
cosmopolite-a1-methode,mars,,,,noun,,time-dates,018
cosmopolite-a1-methode,Observez le document.,,,,phrase,Observez le document.,school,018
cosmopolite-a1-methode,Ouvrez le livre.,,,,phrase,Ouvrez le livre.,school,018
cosmopolite-a1-methode,"Répétez, s'il vous plaît.",,,,phrase,"Répétez, s'il vous plaît.",school,018
cosmopolite-a1-methode,Travaillez par deux.,,,,phrase,Travaillez par deux.,school,018
cosmopolite-a1-methode,Écoutez le dialogue.,,,,phrase,Écoutez le dialogue.,school,018
cosmopolite-a1-methode,été,,l',,noun,l'été,time-dates,018
cosmopolite-a1-methode,algérien,,,,adjective,,personal-info,026
cosmopolite-a1-methode,algérienne,,,,adjective,,personal-info,026
cosmopolite-a1-methode,américain,,,,adjective,,personal-info,026
cosmopolite-a1-methode,américaine,,,,adjective,,personal-info,026
cosmopolite-a1-methode,anglais,,,,adjective,,personal-info,026
cosmopolite-a1-methode,anglaise,,,,adjective,,personal-info,026
cosmopolite-a1-methode,brésilien,,,,adjective,Il est brésilien.,personal-info,026
cosmopolite-a1-methode,camerounais,,,,adjective,,personal-info,026
cosmopolite-a1-methode,camerounaise,,,,adjective,,personal-info,026
cosmopolite-a1-methode,chinois,,,,adjective,Il est chinois.,personal-info,026
cosmopolite-a1-methode,espagnol,,,,adjective,,personal-info,026
cosmopolite-a1-methode,espagnole,,,,adjective,,personal-info,026
cosmopolite-a1-methode,français,,,,adjective,Il est français.,personal-info,026
cosmopolite-a1-methode,grec,,,,adjective,Il est grec.,personal-info,026
cosmopolite-a1-methode,grecque,,,,adjective,Elle est grecque.,personal-info,026
cosmopolite-a1-methode,indien,,,,adjective,,personal-info,026
cosmopolite-a1-methode,indienne,,,,adjective,,personal-info,026
cosmopolite-a1-methode,mexicain,,,,adjective,,personal-info,026
cosmopolite-a1-methode,mexicaine,,,,adjective,,personal-info,026
cosmopolite-a1-methode,russe,,,,adjective,Il est russe.,personal-info,026
cosmopolite-a1-methode,réalisateur,,,,noun,Xavier Dolan est réalisateur.,profession,026
cosmopolite-a1-methode,suisse,,,,adjective,,personal-info,026
cosmopolite-a1-methode,suédois,,,,adjective,,personal-info,026
cosmopolite-a1-methode,suédoise,,,,adjective,,personal-info,026
cosmopolite-a1-methode,turc,,,,adjective,Il est turc.,personal-info,026
cosmopolite-a1-methode,turque,,,,adjective,Elle est turque.,personal-info,026
cosmopolite-a1-methode,Amour,,,,noun,,mixed,034
cosmopolite-a1-methode,Cinq,,,,other,,mixed,034
cosmopolite-a1-methode,Continents,,,,noun,,mixed,034
cosmopolite-a1-methode,Dialecte,,,,noun,,mixed,034
cosmopolite-a1-methode,Français,,,,noun,,mixed,034
cosmopolite-a1-methode,Langue,,,,noun,,mixed,034
cosmopolite-a1-methode,Monde,,,,noun,,mixed,034
cosmopolite-a1-methode,Nombre,,,,noun,,mixed,034
cosmopolite-a1-methode,Numéro,,,,noun,,mixed,034
cosmopolite-a1-methode,Officielle,,,,adjective,,mixed,034
cosmopolite-a1-methode,Ouverture,,,,noun,,mixed,034
cosmopolite-a1-methode,Pays,,,,noun,,mixed,034
cosmopolite-a1-methode,Planète,,,,noun,,mixed,034
cosmopolite-a1-methode,Sept,,,,other,,mixed,034
cosmopolite-a1-methode,Travail,,,,noun,,mixed,034
cosmopolite-a1-methode,Universelle,,,,adjective,,mixed,034
cosmopolite-a1-methode,Ville,,,,noun,,mixed,034
cosmopolite-a1-methode,cousin,,le,,noun,,family,058
cosmopolite-a1-methode,cousine,,la,,noun,,family,058
cosmopolite-a1-methode,célibataire,,,,adjective,Je suis célibataire.,family,058
cosmopolite-a1-methode,enfants,,,,noun,mes enfants,family,058
cosmopolite-a1-methode,famille d'accueil,,,,noun,leur famille d'accueil,family,058
cosmopolite-a1-methode,frère,,le,,noun,,family,058
cosmopolite-a1-methode,grand-mère,,la,,noun,,family,058
cosmopolite-a1-methode,grand-père,,le,,noun,,family,058
cosmopolite-a1-methode,mère,,la,,noun,,family,058
cosmopolite-a1-methode,mère d'accueil,,,,noun,votre mère d'accueil,family,058
cosmopolite-a1-methode,oncle,,l',,noun,,family,058
cosmopolite-a1-methode,père,,le,,noun,,family,058
cosmopolite-a1-methode,sœur,,la,,noun,,family,058
cosmopolite-a1-methode,tante,,la,,noun,,family,058
cosmopolite-a1-methode,acteur,,,,noun,,profession,064
cosmopolite-a1-methode,actrice,,,,noun,,profession,064
cosmopolite-a1-methode,aimer,,,,verb,,none,064
cosmopolite-a1-methode,boulanger,,,,noun,,profession,064
cosmopolite-a1-methode,chanteur,,,,noun,,profession,064
cosmopolite-a1-methode,chanteuse,,,,noun,,profession,064
cosmopolite-a1-methode,coiffeuse,,,,noun,,profession,064
cosmopolite-a1-methode,comédien,,,,noun,,profession,064
cosmopolite-a1-methode,comédienne,,,,noun,,profession,064
cosmopolite-a1-methode,dessinateur,,,,noun,,profession,064
cosmopolite-a1-methode,diplomate,,,,noun,,profession,064
cosmopolite-a1-methode,infirmier,,,,noun,,profession,064
cosmopolite-a1-methode,infirmière,,,,noun,,profession,064
cosmopolite-a1-methode,informer,,,,verb,,none,064
cosmopolite-a1-methode,journaliste,,,,noun,,profession,064
cosmopolite-a1-methode,musicienne,,,,noun,,profession,064
cosmopolite-a1-methode,président,,,,noun,,profession,064
cosmopolite-a1-methode,rêver,,,,verb,,none,064
cosmopolite-a1-methode,sauver,,,,verb,,none,064
cosmopolite-a1-methode,travailler,,,,verb,,none,064
cosmopolite-a1-methode,étudiant,,,,noun,,profession,064
cosmopolite-a1-methode,étudiante,,,,noun,,profession,064
cosmopolite-a1-methode,anglais,,,,noun,,communication,067
cosmopolite-a1-methode,Cardiologue,,,,noun,,health,067
cosmopolite-a1-methode,Chirurgien,,,,noun,,health,067
cosmopolite-a1-methode,Dentiste,,,,noun,,health,067
cosmopolite-a1-methode,espagnol,,,,noun,,communication,067
cosmopolite-a1-methode,Français,,,,noun,,communication,067
cosmopolite-a1-methode,Médecin généraliste,,,,noun,,health,067
cosmopolite-a1-methode,roumain,,,,noun,,communication,067
cosmopolite-a1-methode,au coude,,,,phrase,au coude,health,068
cosmopolite-a1-methode,au nez,,,,phrase,au nez,health,068
cosmopolite-a1-methode,au pied,,,,phrase,au pied,health,068
cosmopolite-a1-methode,au ventre,,,,phrase,au ventre,health,068
cosmopolite-a1-methode,aux oreilles,,,,phrase,aux oreilles,health,068
cosmopolite-a1-methode,aux yeux,,,,phrase,aux yeux,health,068
cosmopolite-a1-methode,bouche,,la,,noun,,health,068
cosmopolite-a1-methode,bras,,le,,noun,,health,068
cosmopolite-a1-methode,dos,,le,,noun,,health,068
cosmopolite-a1-methode,genou,,le,,noun,,health,068
cosmopolite-a1-methode,gorge,,la,,noun,,health,068
cosmopolite-a1-methode,main,,la,,noun,,health,068
cosmopolite-a1-methode,à l'oreille droite,,,,phrase,à l'oreille droite,health,068
cosmopolite-a1-methode,à l'œil gauche,,,,phrase,à l'œil gauche,health,068
cosmopolite-a1-methode,à la poitrine,,,,phrase,à la poitrine,health,068
cosmopolite-a1-methode,à la tête,,,,phrase,à la tête,health,068
cosmopolite-a1-methode,après,,,,adverb,,time-dates,075
cosmopolite-a1-methode,d'abord,,,,adverb,,time-dates,075
cosmopolite-a1-methode,ensuite,,,,adverb,,time-dates,075
cosmopolite-a1-methode,puis,,,,adverb,,time-dates,075
cosmopolite-a1-methode,authentique,,,,adjective,,travel,118
cosmopolite-a1-methode,balcon,,le,,noun,,home,118
cosmopolite-a1-methode,bon,,,,adjective,,travel,118
cosmopolite-a1-methode,Choisir,,,,verb,,none,118
cosmopolite-a1-methode,confortable,,,,adjective,,travel,118
cosmopolite-a1-methode,couloir,,le,,noun,,home,118
cosmopolite-a1-methode,cuisine,,la,,noun,,home,118
cosmopolite-a1-methode,Dormir,,,,verb,,daily-routine,118
cosmopolite-a1-methode,jardin,,le,,noun,,home,118
cosmopolite-a1-methode,nouvel,,,,adjective,un nouvel ami,travel,118
cosmopolite-a1-methode,Offrir,,,,verb,,none,118
cosmopolite-a1-methode,partir,,,,verb,,travel,118
cosmopolite-a1-methode,salle à manger,,la,,noun,,home,118
cosmopolite-a1-methode,salon,,le,,noun,,home,118
cosmopolite-a1-methode,toilettes,,les,,noun,,home,118
cosmopolite-a1-methode,agneau,,l',,noun,,food,130
cosmopolite-a1-methode,brocolis,,les,,noun,,food,130
cosmopolite-a1-methode,bœuf,,le,,noun,,food,130
cosmopolite-a1-methode,canard,,le,,noun,,food,130
cosmopolite-a1-methode,carottes,,les,,noun,,food,130
cosmopolite-a1-methode,cerises,,les,,noun,,food,130
cosmopolite-a1-methode,chocolat,,le,,noun,,food,130
cosmopolite-a1-methode,citron,,le,,noun,,food,130
cosmopolite-a1-methode,filet de colin,,le,,noun,,food,130
cosmopolite-a1-methode,fraises,,les,,noun,,food,130
cosmopolite-a1-methode,framboises,,les,,noun,,food,130
cosmopolite-a1-methode,fromage,,le,,noun,,food,130
cosmopolite-a1-methode,fruits rouges,,les,,noun,,food,130
cosmopolite-a1-methode,haricots verts,,les,,noun,,food,130
cosmopolite-a1-methode,jus de fruits,,les,,noun,,food,130
cosmopolite-a1-methode,oignon,,l',,noun,,food,130
cosmopolite-a1-methode,pain,,le,,noun,,food,130
cosmopolite-a1-methode,petits pois,,les,,noun,,food,130
cosmopolite-a1-methode,pomme,,la,,noun,,food,130
cosmopolite-a1-methode,pommes de terre,,les,,noun,,food,130
cosmopolite-a1-methode,poulet,,le,,noun,,food,130
cosmopolite-a1-methode,purée de pommes de terre,,de la,,noun,de la purée de pommes de terre,food,130
cosmopolite-a1-methode,rillettes,,des,,noun,des rillettes,food,130
cosmopolite-a1-methode,salade,,la,,noun,,food,130
cosmopolite-a1-methode,saumon,,le,,noun,,food,130
cosmopolite-a1-methode,soupe à l'oignon,,la,,noun,j'adore la soupe à l'oignon,food,130
cosmopolite-a1-methode,épinards,,les,,noun,,food,130
cosmopolite-a1-methode,bijoux,,des,,noun,,shopping,137
cosmopolite-a1-methode,bottes,,des,,noun,,shopping,137
cosmopolite-a1-methode,chapeaux,,des,,noun,,shopping,137
cosmopolite-a1-methode,chaussures de sport,,des,,noun,,shopping,137
cosmopolite-a1-methode,chaussures à talons,,des,,noun,,shopping,137
cosmopolite-a1-methode,costume,,un,,noun,,shopping,137
cosmopolite-a1-methode,cravate,,une,,noun,,shopping,137
cosmopolite-a1-methode,jupe,,une,,noun,,shopping,137
cosmopolite-a1-methode,lunettes,,des,,noun,,shopping,137
cosmopolite-a1-methode,manteau,,un,,noun,,shopping,137
cosmopolite-a1-methode,pantalon,,un,,noun,,shopping,137
cosmopolite-a1-methode,robe,,une,,noun,,shopping,137
cosmopolite-a1-methode,sacs,,des,,noun,,shopping,137
cosmopolite-a1-methode,veste,,une,,noun,,shopping,137
cosmopolite-a1-methode,bien connaître le magasin,,,,phrase,bien connaître le magasin,shopping,138
cosmopolite-a1-methode,bien informer les clients,,,,phrase,bien informer les clients,shopping,138
cosmopolite-a1-methode,bien parler français,,,,phrase,bien parler français,shopping,138
cosmopolite-a1-methode,bien recevoir les clients,,,,phrase,bien recevoir les clients,shopping,138
cosmopolite-a1-methode,bien s'habiller,,,,phrase,bien s'habiller,shopping,138
cosmopolite-a1-methode,payer,,,,verb,,shopping,138
cosmopolite-a1-methode,"Magasin de produits culturels (livres, films, musique) et d'électronique.",,,,phrase,"Magasin de produits culturels (livres, films, musique) et d'électronique.",shopping,142
cosmopolite-a1-methode,Magasin de vêtements pour hommes.,,,,phrase,Magasin de vêtements pour hommes.,shopping,142
cosmopolite-a1-methode,"Produits de beauté, parfums et soins.",,,,phrase,"Produits de beauté, parfums et soins.",shopping,142
cosmopolite-a1-methode,Salon de coiffure.,,,,phrase,Salon de coiffure.,shopping,142
cosmopolite-a1-methode,"Supermarché, produits alimentaires et pour la maison.",,,,phrase,"Supermarché, produits alimentaires et pour la maison.",shopping,142
cosmopolite-a1-methode,Épicerie fine.,,,,phrase,Épicerie fine.,shopping,142
cosmopolite-a1-methode,accueillant,,,,adjective,Accueillant !,restaurant,150
cosmopolite-a1-methode,bruyant,,,,adjective,,restaurant,150
cosmopolite-a1-methode,croustillant,,,,adjective,,restaurant,150
cosmopolite-a1-methode,délicieux,,,,adjective,,restaurant,150
cosmopolite-a1-methode,exceptionnel,,,,adjective,,restaurant,150
cosmopolite-a1-methode,très bien,,,,adverb,,restaurant,150
cosmopolite-a1-methode,cadeau,,,,noun,,hobby,158
cosmopolite-a1-methode,date,,,,noun,,hobby,158
cosmopolite-a1-methode,invités,,,,noun,,hobby,158
cosmopolite-a1-methode,lieu,,,,noun,,hobby,158
cosmopolite-a1-methode,musique,,,,noun,,hobby,158
cosmopolite-a1-methode,voisins,,les,,noun,les voisins,family,158
cosmopolite-a1-methode,Atelier de photos,,,,noun,Atelier de photos,hobby,159
cosmopolite-a1-methode,charcuteries,,,,noun,"Assiettes de charcuteries, fromages, tartines salées",food,159
cosmopolite-a1-methode,fromages,,,,noun,"Assiettes de charcuteries, fromages, tartines salées",food,159
cosmopolite-a1-methode,Karaoké,,,,noun,Soirée karaoké,hobby,159
cosmopolite-a1-methode,tartines salées,,,,noun,"Assiettes de charcuteries, fromages, tartines salées",food,159
cosmopolite-a1-methode,anniversaire,,,,noun,,family,160
cosmopolite-a1-methode,boissons,,,,noun,J'ai besoin de 5 boissons.,food,160
cosmopolite-a1-methode,cadeau,,le,,noun,Qui veut bien acheter le cadeau ?,family,160
cosmopolite-a1-methode,desserts,,,,noun,J'ai besoin de 3 desserts.,food,160
cosmopolite-a1-methode,DVD de karaoké,,des,,noun,Qui peut apporter des DVD de karaoké ?,hobby,160
cosmopolite-a1-methode,mariage,,,,noun,,family,160
cosmopolite-a1-methode,plats,,,,noun,J'ai besoin de 3 plats.,food,160
cosmopolite-a1-methode,repas entre amis,,,,noun,,hobby,160
cosmopolite-a1-methode,réunion entre amis,,,,noun,,hobby,160
cosmopolite-a1-methode,réveillon de Noël,,,,noun,,family,160
cosmopolite-a1-methode,soirée de nouvel an,,,,noun,,hobby,160
cosmopolite-a1-methode,soirée filles,,,,noun,,hobby,160
cosmopolite-a1-methode,soirée karaoké,,,,noun,,hobby,160
cosmopolite-a1-methode,vidéoprojecteur,,un,,noun,J'ai besoin d'un vidéoprojecteur.,home,160
cosmopolite-a1-methode,Belgique,,,,noun,,travel,163
cosmopolite-a1-methode,Canada,,,,noun,,travel,163
cosmopolite-a1-methode,Côte d'Ivoire,,la,,noun,la Côte d'Ivoire,travel,163
cosmopolite-a1-methode,Dakar,,,,noun,,travel,163
cosmopolite-a1-methode,France,,la,,noun,la France,travel,163
cosmopolite-a1-methode,Liban,,,,noun,,travel,163
cosmopolite-a1-methode,Madagascar,,,,noun,,travel,163
cosmopolite-a1-methode,Mali,,,,noun,,travel,163
cosmopolite-a1-methode,Paris,,,,noun,,travel,163
cosmopolite-a1-methode,Suisse,,,,noun,,travel,163
cosmopolite-a1-methode,Sénégal,,le,,noun,le Sénégal,travel,163
cosmopolite-a1-methode,Tunisie,,,,noun,,travel,163
cosmopolite-a1-methode,Yamoussoukro,,,,noun,,travel,163
cosmopolite-a1-methode,cinquante-deux,,,,other,,personal-info,164
cosmopolite-a1-methode,cinquante-quatre,,,,other,,personal-info,164
cosmopolite-a1-methode,conversation,,,,noun,,school,164
cosmopolite-a1-methode,dialogue,,,,noun,,school,164
cosmopolite-a1-methode,femme,,,,noun,,school,164
cosmopolite-a1-methode,homme,,,,noun,,school,164
cosmopolite-a1-methode,Où,,,,other,Où ?,communication,164
cosmopolite-a1-methode,professions,,,,noun,,school,164
cosmopolite-a1-methode,présentation,,,,noun,,school,164
cosmopolite-a1-methode,Quand,,,,other,Quand ?,communication,164
cosmopolite-a1-methode,quarante-trois,,,,other,,personal-info,164
cosmopolite-a1-methode,quatre-vingt-cinq,,,,other,,personal-info,164
cosmopolite-a1-methode,quatre-vingt-dix,,,,other,,personal-info,164
cosmopolite-a1-methode,quatre-vingt-dix-neuf,,,,other,,personal-info,164
cosmopolite-a1-methode,quatre-vingt-quinze,,,,other,,personal-info,164
cosmopolite-a1-methode,quatre-vingt-seize,,,,other,,personal-info,164
cosmopolite-a1-methode,quatre-vingt-sept,,,,other,,personal-info,164
cosmopolite-a1-methode,quatre-vingt-treize,,,,other,,personal-info,164
cosmopolite-a1-methode,Quelle saison,,,,phrase,Quelle saison ?,communication,164
cosmopolite-a1-methode,questions,,,,noun,,school,164
cosmopolite-a1-methode,Qui,,,,other,Qui ?,communication,164
cosmopolite-a1-methode,Quoi,,,,other,Quoi ?,communication,164
cosmopolite-a1-methode,seize,,,,other,,personal-info,164
cosmopolite-a1-methode,situation,,,,noun,,school,164
cosmopolite-a1-methode,soixante et un,,,,other,,personal-info,164
cosmopolite-a1-methode,soixante-dix-huit,,,,other,,personal-info,164
cosmopolite-a1-methode,soixante-neuf,,,,other,,personal-info,164
cosmopolite-a1-methode,soixante-quatorze,,,,other,,personal-info,164
cosmopolite-a1-methode,soixante-six,,,,other,,personal-info,164
cosmopolite-a1-methode,soixante-treize,,,,other,,personal-info,164
cosmopolite-a1-methode,treize,,,,other,,personal-info,164
cosmopolite-a1-methode,vingt,,,,other,,personal-info,164
cosmopolite-a1-methode,vingt-deux,,,,other,,personal-info,164
cosmopolite-a1-methode,zéro deux,,,,other,,personal-info,164
cosmopolite-a1-methode,zéro huit,,,,other,,personal-info,164
cosmopolite-a1-methode,zéro quatre,,,,other,,personal-info,164
cosmopolite-a1-methode,zéro sept,,,,other,,personal-info,164
cosmopolite-a1-methode,zéro six,,,,other,,personal-info,164
cosmopolite-a1-methode,étudiant,,,,noun,,school,164
cosmopolite-a1-methode,ANGLETERRE,,,,noun,Gemma est … . (ANGLETERRE),travel,165
cosmopolite-a1-methode,CAMEROUN,,,,noun,Saïdou est … . (CAMEROUN),travel,165
cosmopolite-a1-methode,CANADA,,,,noun,Xavier est … . (CANADA),travel,165
cosmopolite-a1-methode,CHINE,,,,noun,Sissi est … . (CHINE),travel,165
cosmopolite-a1-methode,FRANCE,,,,noun,Nicolas est français. (FRANCE),travel,165
cosmopolite-a1-methode,français,,,,adjective,Nicolas est français.,personal-info,165
cosmopolite-a1-methode,langues parlées,,,,noun,,personal-info,165
cosmopolite-a1-methode,nationalité,,,,noun,,personal-info,165
cosmopolite-a1-methode,numéro de téléphone,,,,noun,,personal-info,165
cosmopolite-a1-methode,prénom,,,,noun,,personal-info,165
cosmopolite-a1-methode,ROUMANIE,,,,noun,Camille est … . (ROUMANIE),travel,165
cosmopolite-a1-methode,RUSSIE,,,,noun,Vladimir est … . (RUSSIE),travel,165
cosmopolite-a1-methode,VIETNAM,,,,noun,Thu est … . (VIETNAM),travel,165
cosmopolite-a1-methode,âge,,,,noun,,personal-info,165
cosmopolite-a1-methode,aller,,,,verb,"Nous (aller) … bien, merci.",daily-routine,166
cosmopolite-a1-methode,avoir,,,,verb,J'(avoir) … 30 ans.,personal-info,166
cosmopolite-a1-methode,Langue maternelle,,,,noun,,personal-info,166
cosmopolite-a1-methode,Langues parlées,,,,noun,,personal-info,166
cosmopolite-a1-methode,Nationalité,,,,noun,,personal-info,166
cosmopolite-a1-methode,Nom,,,,noun,,personal-info,166
cosmopolite-a1-methode,Numéro de téléphone,,,,noun,,personal-info,166
cosmopolite-a1-methode,Parce que,,,,other,J'étudie le français (pour / parce que) : …,school,166
cosmopolite-a1-methode,parler,,,,verb,Vous (parler) … chinois ?,communication,166
cosmopolite-a1-methode,pour,,,,preposition,J'étudie le français (pour / parce que) : …,school,166
cosmopolite-a1-methode,Profession,,,,noun,,personal-info,166
cosmopolite-a1-methode,Prénom,,,,noun,,personal-info,166
cosmopolite-a1-methode,russe,,,,adjective,Nationalité : russe,personal-info,166
cosmopolite-a1-methode,s'appeler,,,,verb,Je (s'appeler) … Lucas.,personal-info,166
cosmopolite-a1-methode,secrétaire,,,,noun,Profession : secrétaire,profession,166
cosmopolite-a1-methode,Situation,,,,noun,,personal-info,166
cosmopolite-a1-methode,Âge,,,,noun,,personal-info,166
cosmopolite-a1-methode,être,,,,verb,Elle (être) … suédoise.,personal-info,166
cosmopolite-a1-methode,"[Prénom] / [Nom], comment ça s'écrit s'il vous plaît / s'il te plaît ?",,,,phrase,,communication,167
cosmopolite-a1-methode,Au revoir ! Bonne journée ! À demain !,,,,phrase,,communication,167
cosmopolite-a1-methode,Au revoir madame / monsieur.,,,,phrase,,communication,167
cosmopolite-a1-methode,Bonjour / Salut.,,,,phrase,,communication,167
cosmopolite-a1-methode,Bonjour madame / monsieur. Comment allez-vous ?,,,,phrase,,communication,167
cosmopolite-a1-methode,C'est Gemma Arterton. / Elle s'appelle Gemma Arterton.,,,,phrase,,personal-info,167
cosmopolite-a1-methode,C'est Mingze Ni. / Il s'appelle Mingze Ni.,,,,phrase,,personal-info,167
cosmopolite-a1-methode,C'est mon ami(e). / C'est un(e) camarade de classe.,,,,phrase,,school,167
cosmopolite-a1-methode,C'est quoi ton numéro de téléphone ?,,,,phrase,,personal-info,167
cosmopolite-a1-methode,Comment est ta classe de français ?,,,,phrase,,school,167
cosmopolite-a1-methode,Comment s'appelle ton / votre professeur ?,,,,phrase,,school,167
cosmopolite-a1-methode,"Dans ma classe, il y a…",,,,phrase,,school,167
cosmopolite-a1-methode,Enchanté(e) !,,,,phrase,,communication,167
cosmopolite-a1-methode,Excuse-moi.,,,,phrase,,communication,167
cosmopolite-a1-methode,Excusez-moi mademoiselle / madame / monsieur.,,,,phrase,,communication,167
cosmopolite-a1-methode,Il est chinois et équatorien.,,,,phrase,,personal-info,167
cosmopolite-a1-methode,Il est fantastique ! Il est sympa !,,,,phrase,,personal-info,167
cosmopolite-a1-methode,Il est professeur d'anglais. / C'est un professeur d'anglais.,,,,phrase,,profession,167
cosmopolite-a1-methode,Il est étudiant. C'est un étudiant.,,,,phrase,,school,167
cosmopolite-a1-methode,Il y a [X] étudiants dans ma classe.,,,,phrase,,school,167
cosmopolite-a1-methode,J'apprends le français pour trouver un travail / pour voyager dans les pays francophones.,,,,phrase,,school,167
cosmopolite-a1-methode,J'étudie le français pour mon travail / pour le plaisir.,,,,phrase,,school,167
cosmopolite-a1-methode,Je m'appelle [prénom / nom] (exemple : Xavier Dolan).,,,,phrase,,personal-info,167
cosmopolite-a1-methode,"Je m'appelle [prénom / nom], et vous ?",,,,phrase,,personal-info,167
cosmopolite-a1-methode,Je me présente.,,,,phrase,,personal-info,167
cosmopolite-a1-methode,Je parle français parce que c'est la langue de l'amour / parce que c'est une langue internationale.,,,,phrase,,school,167
cosmopolite-a1-methode,Je suis + [nationalité]. (Exemple : Je suis canadien.),,,,phrase,,personal-info,167
cosmopolite-a1-methode,Je suis + [profession]. (Exemple : Je suis acteur et réalisateur. / Je suis musicienne. / Je suis humoriste et acteur.),,,,phrase,,profession,167
cosmopolite-a1-methode,"Je vais très bien, merci. Et vous ? Vous allez bien ?",,,,phrase,,communication,167
cosmopolite-a1-methode,Je voudrais…,,,,phrase,,communication,167
cosmopolite-a1-methode,Ma classe est très sympa. Ma classe est fantastique.,,,,phrase,,school,167
cosmopolite-a1-methode,Merci !,,,,phrase,,communication,167
cosmopolite-a1-methode,Mon / Notre professeur s'appelle…,,,,phrase,,school,167
cosmopolite-a1-methode,Nous étudions le français parce que nous habitons à Paris / parce que c'est une langue parlée dans le monde entier.,,,,phrase,,school,167
cosmopolite-a1-methode,"Oui, ça va, et toi ? Tu vas bien ?",,,,phrase,,communication,167
cosmopolite-a1-methode,Pardon monsieur.,,,,phrase,,communication,167
cosmopolite-a1-methode,Pourquoi tu parles / étudies / apprends le français ?,,,,phrase,,school,167
cosmopolite-a1-methode,Quel est votre / ton nom ?,,,,phrase,,personal-info,167
cosmopolite-a1-methode,Quel est votre / ton numéro de téléphone ?,,,,phrase,,personal-info,167
cosmopolite-a1-methode,Quel âge vous avez / tu as ?,,,,phrase,,personal-info,167
cosmopolite-a1-methode,Quelle est votre / ta nationalité ?,,,,phrase,,personal-info,167
cosmopolite-a1-methode,Quelles langues vous parlez / tu parles ?,,,,phrase,,personal-info,167
cosmopolite-a1-methode,Salut ! À plus tard !,,,,phrase,,communication,167
cosmopolite-a1-methode,"Salut, ça va ? / Tu vas bien ?",,,,phrase,,communication,167
cosmopolite-a1-methode,Vous pouvez / Tu peux épeler [nom / prénom] ?,,,,phrase,,communication,167
cosmopolite-a1-methode,Vous êtes combien dans ta classe ?,,,,phrase,,school,167
cosmopolite-a1-methode,À bientôt. / Salut. / Au revoir.,,,,phrase,,communication,167
cosmopolite-a1-methode,Aller au Pérou pour voir…,,,,phrase,,travel,171
cosmopolite-a1-methode,Aller aux États-Unis pour visiter…,,,,phrase,,travel,171
cosmopolite-a1-methode,avenue,,une,,noun,l'avenue Ursulines,city-places,171
cosmopolite-a1-methode,C'est fantastique (le couchsurfing) !,,,,phrase,,travel,171
cosmopolite-a1-methode,C'est possible de faire la cuisine ?,,,,phrase,,home,171
cosmopolite-a1-methode,C'est sympa d'habiter chez…,,,,phrase,,travel,171
cosmopolite-a1-methode,cathédrale,,une,,noun,la cathédrale Saint-Louis,city-places,171
cosmopolite-a1-methode,cathédrale,,la,,noun,la cathédrale de…,travel,171
cosmopolite-a1-methode,château,,le,,noun,le château de…,travel,171
cosmopolite-a1-methode,Continuer tout droit.,,,,phrase,,city-places,171
cosmopolite-a1-methode,"Dans ce quartier, il y a beaucoup de…",,,,phrase,,city-places,171
cosmopolite-a1-methode,"Derrière / Devant…, il y a…",,,,phrase,,city-places,171
cosmopolite-a1-methode,des amoureux du voyage,,des,,noun,,travel,171
cosmopolite-a1-methode,des passionnés de voyage,,des,,noun,,travel,171
cosmopolite-a1-methode,"En général, les touristes prennent le bus.",,,,phrase,,travel,171
cosmopolite-a1-methode,entre…,,,,preposition,,city-places,171
cosmopolite-a1-methode,Est-ce que l'appartement est dans le centre ?,,,,phrase,,home,171
cosmopolite-a1-methode,Est-ce que la chambre est libre ?,,,,phrase,,home,171
cosmopolite-a1-methode,Et l'appartement est où ?,,,,phrase,,home,171
cosmopolite-a1-methode,fleuve,,un,,noun,le fleuve Mississippi,city-places,171
cosmopolite-a1-methode,galeries d'art,,des,,noun,les galeries d'art de la rue Royale,city-places,171
cosmopolite-a1-methode,hôtel,,un,,noun,l'hôtel de ville,city-places,171
cosmopolite-a1-methode,Il y a un jardin…,,,,phrase,,city-places,171
cosmopolite-a1-methode,Je cherche une chambre à louer.,,,,phrase,,home,171
cosmopolite-a1-methode,Je suis très content(e) de pratiquer mon français.,,,,phrase,,school,171
cosmopolite-a1-methode,l'après-midi,,l',,noun,,time-dates,171
cosmopolite-a1-methode,l'Australie,,l',,noun,,travel,171
cosmopolite-a1-methode,la nuit,,la,,noun,,time-dates,171
cosmopolite-a1-methode,la Thaïlande,,la,,noun,,travel,171
cosmopolite-a1-methode,"la ville → à Istanbul, à Paris…",,,,phrase,,travel,171
cosmopolite-a1-methode,"Le couchsurfing, c'est super (bien) !",,,,phrase,,travel,171
cosmopolite-a1-methode,le lundi,,le,,noun,,time-dates,171
cosmopolite-a1-methode,Le marché se trouve…,,,,phrase,,city-places,171
cosmopolite-a1-methode,le mardi,,le,,noun,,time-dates,171
cosmopolite-a1-methode,le matin,,le,,noun,,time-dates,171
cosmopolite-a1-methode,"le nom du lieu → au Mila, à La Coupole…",,,,phrase,,travel,171
cosmopolite-a1-methode,le Pérou,,le,,noun,,travel,171
cosmopolite-a1-methode,"le quartier → dans le quartier de Kadiköy, dans le quartier de Montparnasse…",,,,phrase,,city-places,171
cosmopolite-a1-methode,Le restaurant est à côté du / de l' / de la / des…,,,,phrase,,city-places,171
cosmopolite-a1-methode,le soir,,le,,noun,,time-dates,171
cosmopolite-a1-methode,le vendredi,,le,,noun,,time-dates,171
cosmopolite-a1-methode,les francophones,,les,,noun,,travel,171
cosmopolite-a1-methode,les États-Unis,,les,,noun,,travel,171
cosmopolite-a1-methode,marché,,un,,noun,le marché français,city-places,171
cosmopolite-a1-methode,Mon conseil : aller au château / aller à l'aéroport / aller à la plage / aller aux thermes…,,,,phrase,,travel,171
cosmopolite-a1-methode,"Mon quartier préféré, c'est le quartier du capitole.",,,,phrase,,city-places,171
cosmopolite-a1-methode,montagnes,,les,,noun,les montagnes de…,travel,171
cosmopolite-a1-methode,musée,,le,,noun,le musée de…,travel,171
cosmopolite-a1-methode,musées,,des,,noun,les musées Cabildo et Presbytère,city-places,171
cosmopolite-a1-methode,"Oui, la chambre est disponible.",,,,phrase,,home,171
cosmopolite-a1-methode,parc national,,le,,noun,le parc national de…,travel,171
cosmopolite-a1-methode,Parce que c'est gratuit.,,,,phrase,,travel,171
cosmopolite-a1-methode,plage,,la,,noun,la plage de…,travel,171
cosmopolite-a1-methode,pour parler français…,,,,phrase,,school,171
cosmopolite-a1-methode,Pour rencontrer d'autres cultures.,,,,phrase,,travel,171
cosmopolite-a1-methode,Pourquoi le couchsurfing ?,,,,phrase,,travel,171
cosmopolite-a1-methode,Prendre la rue…,,,,phrase,,city-places,171
cosmopolite-a1-methode,rue,,une,,noun,la rue Decatur,city-places,171
cosmopolite-a1-methode,thermes,,les,,noun,les thermes de…,travel,171
cosmopolite-a1-methode,Tourner à droite.,,,,phrase,,city-places,171
cosmopolite-a1-methode,Tourner à gauche.,,,,phrase,,city-places,171
cosmopolite-a1-methode,tous les jours,,,,phrase,,time-dates,171
cosmopolite-a1-methode,tous les mercredis soirs,,,,phrase,,time-dates,171
cosmopolite-a1-methode,tous les soirs,,,,phrase,,time-dates,171
cosmopolite-a1-methode,Tu as une connexion Wi-Fi ?,,,,phrase,,home,171
cosmopolite-a1-methode,Vous allez au château à vélo / en train / à pied…,,,,phrase,,travel,171
cosmopolite-a1-methode,Vous prenez le train à la gare de…,,,,phrase,,travel,171
cosmopolite-a1-methode,"À Bangkok, il y a…",,,,phrase,,travel,171
cosmopolite-a1-methode,"À Cusco, la cathédrale est…",,,,phrase,,travel,171
cosmopolite-a1-methode,à droite de…,,,,phrase,,city-places,171
cosmopolite-a1-methode,à gauche de…,,,,phrase,,city-places,171
cosmopolite-a1-methode,à l'est de / à l'ouest de / au sud de / au nord de,,,,phrase,,travel,171
cosmopolite-a1-methode,"À La Nouvelle-Orléans, il y a…",,,,phrase,,travel,171
cosmopolite-a1-methode,"À Sydney, la plage de Bondi est…",,,,phrase,,travel,171
cosmopolite-a1-methode,îles,,les,,noun,les îles de…,travel,171
cosmopolite-a1-methode,adorable,,,,adjective,,none,172
cosmopolite-a1-methode,agité,,,,adjective,,none,172
cosmopolite-a1-methode,bavard,,,,adjective,,none,172
cosmopolite-a1-methode,bruyant,,,,adjective,,none,172
cosmopolite-a1-methode,cousin,,,,noun,,family,172
cosmopolite-a1-methode,drôle,,,,adjective,,none,172
cosmopolite-a1-methode,grand-père,,,,noun,,family,172
cosmopolite-a1-methode,généreux,,,,adjective,,none,172
cosmopolite-a1-methode,mère,,,,noun,,family,172
cosmopolite-a1-methode,père,,,,noun,,family,172
cosmopolite-a1-methode,sœur,,,,noun,,family,172
cosmopolite-a1-methode,tante,,,,noun,,family,172
cosmopolite-a1-methode,aller au cinéma,,,,phrase,,hobby,173
cosmopolite-a1-methode,bavard,,,,adjective,,none,173
cosmopolite-a1-methode,cuisiner,,,,verb,,hobby,173
cosmopolite-a1-methode,gentil,,,,adjective,,none,173
cosmopolite-a1-methode,grand,,,,adjective,,none,173
cosmopolite-a1-methode,intelligent,,,,adjective,,none,173
cosmopolite-a1-methode,la télévision,,la,,noun,,hobby,173
cosmopolite-a1-methode,le téléphone,,le,,noun,,communication,173
cosmopolite-a1-methode,les livres,,les,,noun,,hobby,173
cosmopolite-a1-methode,les transports publics,,les,,noun,,travel,173
cosmopolite-a1-methode,mon ami(e),,,,noun,,none,173
cosmopolite-a1-methode,mon/ma professeur(e),,,,noun,,school,173
cosmopolite-a1-methode,optimiste,,,,adjective,,none,173
cosmopolite-a1-methode,sportif,,,,adjective,,none,173
cosmopolite-a1-methode,un acteur,,un,,noun,,profession,173
cosmopolite-a1-methode,un chanteur,,un,,noun,,profession,173
cosmopolite-a1-methode,visiter un musée,,,,phrase,,hobby,173
cosmopolite-a1-methode,étudier le français,,,,phrase,,school,173
cosmopolite-a1-methode,gorge,,,,noun,"Mon nez, ma gorge !",health,174
cosmopolite-a1-methode,nez,,,,noun,"Mon nez, ma gorge !",health,174
cosmopolite-a1-methode,pied,,,,noun,Attention ! Aiiiiieeeee ! Mon pied !,health,174
cosmopolite-a1-methode,yeux,,,,noun,Il y a beaucoup de soleil ! J'ai mal aux yeux !,health,174
cosmopolite-a1-methode,Comment s'appellent vos / tes enfants ?,,,,phrase,,family,175
cosmopolite-a1-methode,"Dans ma famille, il y a quatre personnes.",,,,phrase,,family,175
cosmopolite-a1-methode,Il a une passion : l'accrobranche !,,,,phrase,,hobby,175
cosmopolite-a1-methode,Il déteste la langue française.,,,,phrase,,school,175
cosmopolite-a1-methode,Il n'aime pas du tout les cuisses de grenouilles.,,,,phrase,,food,175
cosmopolite-a1-methode,Il y a combien de personnes dans votre / ta famille ?,,,,phrase,,family,175
cosmopolite-a1-methode,Ils n'aiment pas beaucoup prendre le métro.,,,,phrase,,travel,175
cosmopolite-a1-methode,Ils ont deux et six ans. Notre bébé a six mois.,,,,phrase,,family,175
cosmopolite-a1-methode,Ils ont quel âge ?,,,,phrase,,family,175
cosmopolite-a1-methode,J'adore l'architecture.,,,,phrase,,hobby,175
cosmopolite-a1-methode,J'adore mon travail.,,,,phrase,,profession,175
cosmopolite-a1-methode,J'ai deux enfants / un bébé.,,,,phrase,,family,175
cosmopolite-a1-methode,J'ai un frère / une sœur.,,,,phrase,,family,175
cosmopolite-a1-methode,J'ai un rêve : parler français.,,,,phrase,,school,175
cosmopolite-a1-methode,J'ai une passion : le théâtre.,,,,phrase,,hobby,175
cosmopolite-a1-methode,J'aime beaucoup la culture française.,,,,phrase,,hobby,175
cosmopolite-a1-methode,Je n'ai pas d'enfants.,,,,phrase,,family,175
cosmopolite-a1-methode,Je ne suis pas marié(e). = Je suis célibataire.,,,,phrase,,family,175
cosmopolite-a1-methode,Je rêve de devenir médecin.,,,,phrase,,profession,175
cosmopolite-a1-methode,Je rêve de faire du théâtre.,,,,phrase,,hobby,175
cosmopolite-a1-methode,Je rêve de travailler en France.,,,,phrase,,profession,175
cosmopolite-a1-methode,Je suis marié(e) / divorcé(e).,,,,phrase,,family,175
cosmopolite-a1-methode,Justine a deux ans. Louise a six ans.,,,,phrase,,family,175
cosmopolite-a1-methode,l'accrobranche,,l',,noun,,hobby,175
cosmopolite-a1-methode,l'escalade,,l',,noun,,hobby,175
cosmopolite-a1-methode,l'équitation,,l',,noun,,hobby,175
cosmopolite-a1-methode,La mère est grande / élégante.,,,,phrase,,personal-info,175
cosmopolite-a1-methode,"La médecine, c'est ma passion.",,,,phrase,,profession,175
cosmopolite-a1-methode,la peinture,,la,,noun,,hobby,175
cosmopolite-a1-methode,la sculpture,,la,,noun,,hobby,175
cosmopolite-a1-methode,la voile,,la,,noun,,hobby,175
cosmopolite-a1-methode,Le garçon est blond / brun.,,,,phrase,,personal-info,175
cosmopolite-a1-methode,le tennis,,le,,noun,,hobby,175
cosmopolite-a1-methode,le théâtre,,le,,noun,,hobby,175
cosmopolite-a1-methode,les activités d'orientation,,les,,noun,,hobby,175
cosmopolite-a1-methode,Lucy est adorable / décontractée / drôle / romantique.,,,,phrase,,personal-info,175
cosmopolite-a1-methode,"Ma passion, c'est mon travail.",,,,phrase,,profession,175
cosmopolite-a1-methode,Mes / Nos enfants s'appellent Justine et Louise.,,,,phrase,,family,175
cosmopolite-a1-methode,Mes amies sont gentilles / sympathiques / intelligentes.,,,,phrase,,personal-info,175
cosmopolite-a1-methode,Mes amis sont sportifs.,,,,phrase,,personal-info,175
cosmopolite-a1-methode,Mon frère a 32 ans. Ma sœur a 15 ans.,,,,phrase,,family,175
cosmopolite-a1-methode,Mon frère est bruyant / bavard / agité.,,,,phrase,,personal-info,175
cosmopolite-a1-methode,"Mon rêve, c'est de faire des études pour devenir médecin.",,,,phrase,,profession,175
cosmopolite-a1-methode,Nous adorons faire du shopping.,,,,phrase,,shopping,175
cosmopolite-a1-methode,Nous aimons bien visiter des monuments.,,,,phrase,,hobby,175
cosmopolite-a1-methode,"Nous avons / J'ai une grande famille : quatre grands-parents, deux oncles, deux tantes, trois cousins.",,,,phrase,,family,175
cosmopolite-a1-methode,Nous détestons faire du sport.,,,,phrase,,hobby,175
cosmopolite-a1-methode,Nous faisons de la voile / du tennis / de l'équitation.,,,,phrase,,hobby,175
cosmopolite-a1-methode,Paul est un ami sincère. Il est généreux.,,,,phrase,,personal-info,175
cosmopolite-a1-methode,Quel âge ils ont ?,,,,phrase,,family,175
cosmopolite-a1-methode,Quelle est votre / ta situation de famille ?,,,,phrase,,family,175
cosmopolite-a1-methode,Vous aimez / adorez / détestez le sport / faire du sport.,,,,phrase,,hobby,175
cosmopolite-a1-methode,Vous avez / Tu as des frères et sœurs ?,,,,phrase,,family,175
cosmopolite-a1-methode,Vous avez / Tu as une grande famille ?,,,,phrase,,family,175
cosmopolite-a1-methode,Vous avez combien d'enfants ?,,,,phrase,,family,175
cosmopolite-a1-methode,après,,,,adverb,,time-dates,176
cosmopolite-a1-methode,d'abord,,,,adverb,,time-dates,176
cosmopolite-a1-methode,ensuite,,,,adverb,,time-dates,176
cosmopolite-a1-methode,puis,,,,adverb,,time-dates,176
cosmopolite-a1-methode,s'habiller,,,,verb,,daily-routine,176
cosmopolite-a1-methode,se brosser les dents,,,,verb,,daily-routine,176
cosmopolite-a1-methode,se doucher,,,,verb,,daily-routine,176
cosmopolite-a1-methode,se raser,,,,verb,,daily-routine,176
cosmopolite-a1-methode,se réveiller,,,,verb,,daily-routine,176
cosmopolite-a1-methode,Allez-vous souvent au cinéma ?,,,,phrase,,hobby,179
cosmopolite-a1-methode,Apporte / Apportez…,,,,phrase,,communication,179
cosmopolite-a1-methode,Est-ce que tu sors souvent avec des francophones ?,,,,phrase,,hobby,179
cosmopolite-a1-methode,Et toi ? Tu sors pour parler français ?,,,,phrase,,school,179
cosmopolite-a1-methode,Fréquentez-vous les festivals / les galeries d'art / les musées ?,,,,phrase,,hobby,179
cosmopolite-a1-methode,J'ai rendez-vous avec… Je dois aller…,,,,phrase,,communication,179
cosmopolite-a1-methode,J'écris / Je lis. Je fais du sport.,,,,phrase,,hobby,179
cosmopolite-a1-methode,Je déjeune à la cantine.,,,,phrase,,food,179
cosmopolite-a1-methode,Je dîne en famille.,,,,phrase,,daily-routine,179
cosmopolite-a1-methode,Je dîne en famille. Je me couche vers 20 heures.,,,,phrase,,daily-routine,179
cosmopolite-a1-methode,Je fais du sport.,,,,phrase,,hobby,179
cosmopolite-a1-methode,Je m'habille. Je prends mon petit déjeuner. Je me lève tôt.,,,,phrase,,daily-routine,179
cosmopolite-a1-methode,Je mange un sandwich.,,,,phrase,,food,179
cosmopolite-a1-methode,Je me brosse les dents.,,,,phrase,,daily-routine,179
cosmopolite-a1-methode,Je me lève toujours à 7 h 30. J'ai des horaires fixes.,,,,phrase,,daily-routine,179
cosmopolite-a1-methode,Je me rase.,,,,phrase,,daily-routine,179
cosmopolite-a1-methode,Je me repose.,,,,phrase,,daily-routine,179
cosmopolite-a1-methode,Je me réveille chaque matin à 7 heures.,,,,phrase,,daily-routine,179
cosmopolite-a1-methode,Je me réveille.,,,,phrase,,daily-routine,179
cosmopolite-a1-methode,Je prends mon ordinateur et je me connecte à un site.,,,,phrase,,communication,179
cosmopolite-a1-methode,Je prends vingt minutes pour déjeuner.,,,,phrase,,daily-routine,179
cosmopolite-a1-methode,Je reçois mes patients jusqu'à 18 h 30.,,,,phrase,,profession,179
cosmopolite-a1-methode,Je travaille tout l'après-midi.,,,,phrase,,profession,179
cosmopolite-a1-methode,"La journée / la semaine de travail, c'est … heures.",,,,phrase,,profession,179
cosmopolite-a1-methode,"Le soir, nous dînons toujours à 20 heures.",,,,phrase,,daily-routine,179
cosmopolite-a1-methode,Les enfants se préparent.,,,,phrase,,daily-routine,179
cosmopolite-a1-methode,Mon mari et moi regardons un film.,,,,phrase,,hobby,179
cosmopolite-a1-methode,"Non, je suis désolé(e), je ne peux pas.",,,,phrase,,communication,179
cosmopolite-a1-methode,Nous apprenons beaucoup.,,,,phrase,,profession,179
cosmopolite-a1-methode,Nous avons des collègues français / polonais…,,,,phrase,,profession,179
cosmopolite-a1-methode,Nous habitons [+ adresse].,,,,phrase,,communication,179
cosmopolite-a1-methode,Nous nous couchons.,,,,phrase,,daily-routine,179
cosmopolite-a1-methode,Nous nous douchons.,,,,phrase,,daily-routine,179
cosmopolite-a1-methode,Nous nous endormons.,,,,phrase,,daily-routine,179
cosmopolite-a1-methode,Nous nous habillons.,,,,phrase,,daily-routine,179
cosmopolite-a1-methode,Nous prenons notre petit déjeuner.,,,,phrase,,daily-routine,179
cosmopolite-a1-methode,Nous travaillons à / chez…,,,,phrase,,profession,179
cosmopolite-a1-methode,Nous voulons organiser… pour…,,,,phrase,,communication,179
cosmopolite-a1-methode,Objet : …,,,,phrase,,communication,179
cosmopolite-a1-methode,On doit…,,,,phrase,,profession,179
cosmopolite-a1-methode,On fait des pauses-café avec ses collègues.,,,,phrase,,profession,179
cosmopolite-a1-methode,On peut manger…,,,,phrase,,food,179
cosmopolite-a1-methode,On peut parler français.,,,,phrase,,profession,179
cosmopolite-a1-methode,"On se retrouve où ? Au restaurant…, place…, rue…",,,,phrase,,communication,179
cosmopolite-a1-methode,"Oui, ça me va.",,,,phrase,,communication,179
cosmopolite-a1-methode,Où sortez-vous ?,,,,phrase,,hobby,179
cosmopolite-a1-methode,"Pour le déjeuner, on a une pause de…",,,,phrase,,profession,179
cosmopolite-a1-methode,Pour écouter de la musique ?,,,,phrase,,hobby,179
cosmopolite-a1-methode,Pourquoi sortez-vous ? Pour dîner au restaurant ?,,,,phrase,,restaurant,179
cosmopolite-a1-methode,Prends / Prenez [+ moyen de transport].,,,,phrase,,travel,179
cosmopolite-a1-methode,Qui sort tous les soirs ? Une fois par semaine ?,,,,phrase,,time-dates,179
cosmopolite-a1-methode,"Si tu veux / vous voulez participer à l'organisation, parle / parlez avec…",,,,phrase,,communication,179
cosmopolite-a1-methode,Toute la famille se lève.,,,,phrase,,daily-routine,179
cosmopolite-a1-methode,Tu es libre… pour… ?,,,,phrase,,communication,179
cosmopolite-a1-methode,Tu veux venir avec moi ?,,,,phrase,,communication,179
cosmopolite-a1-methode,Téléphone / Téléphonez à…,,,,phrase,,communication,179
cosmopolite-a1-methode,Viens / Venez [+ horaire].,,,,phrase,,communication,179
cosmopolite-a1-methode,"Votre sortie préférée, c'est quoi ?",,,,phrase,,hobby,179
cosmopolite-a1-methode,Vous aimez aller dans les librairies / les médiathèques ?,,,,phrase,,hobby,179
cosmopolite-a1-methode,Vous faites quoi ?,,,,phrase,,hobby,179
cosmopolite-a1-methode,Vous sortez dans des cafés / des restaurants ?,,,,phrase,,restaurant,179
cosmopolite-a1-methode,Vous sortez en famille ? Avec des amis ?,,,,phrase,,family,179
cosmopolite-a1-methode,Vous sortez plutôt le vendredi ? Le samedi ?,,,,phrase,,time-dates,179
cosmopolite-a1-methode,aller,,,,verb,,school,183
cosmopolite-a1-methode,allure,,la,,noun,Nous avons la même allure / la même taille / la même voix.,personal-info,183
cosmopolite-a1-methode,apprendre,,,,verb,,school,183
cosmopolite-a1-methode,bleus,,,,adjective,Avoir les yeux clairs / gris / marron / bleus / verts.,personal-info,183
cosmopolite-a1-methode,blond,,,,adjective,Avoir les cheveux courts / longs / frisés / blond / bruns.,personal-info,183
cosmopolite-a1-methode,bronzée,,,,adjective,Avoir la peau mate / bronzée / claire.,personal-info,183
cosmopolite-a1-methode,bruns,,,,adjective,Avoir les cheveux courts / longs / frisés / blond / bruns.,personal-info,183
cosmopolite-a1-methode,ce matin,,,,noun,,time-dates,183
cosmopolite-a1-methode,Cet(te) écrivain(e) est né(e) à [lieu] le [date].,,,,phrase,,none,183
cosmopolite-a1-methode,cette semaine,,,,noun,,time-dates,183
cosmopolite-a1-methode,claire,,,,adjective,Avoir la peau mate / bronzée / claire.,personal-info,183
cosmopolite-a1-methode,clairs,,,,adjective,Avoir les yeux clairs / gris / marron / bleus / verts.,personal-info,183
cosmopolite-a1-methode,comprendre,,,,verb,,school,183
cosmopolite-a1-methode,conseiller,,,,verb,,school,183
cosmopolite-a1-methode,courts,,,,adjective,Avoir les cheveux courts / longs / frisés / blond / bruns.,personal-info,183
cosmopolite-a1-methode,créer,,,,verb,,school,183
cosmopolite-a1-methode,Elle va participer aux prochains Jeux olympiques.,,,,phrase,,none,183
cosmopolite-a1-methode,Elle vient de recevoir un prix.,,,,phrase,,none,183
cosmopolite-a1-methode,"En [année], il/elle a connu le succès avec…",,,,phrase,,profession,183
cosmopolite-a1-methode,faire,,,,verb,,school,183
cosmopolite-a1-methode,frisés,,,,adjective,Avoir les cheveux courts / longs / frisés / blond / bruns.,personal-info,183
cosmopolite-a1-methode,grand(e),,,,adjective,Être petit(e) / grand(e).,personal-info,183
cosmopolite-a1-methode,gris,,,,adjective,Avoir les yeux clairs / gris / marron / bleus / verts.,personal-info,183
cosmopolite-a1-methode,hier,,,,adverb,,time-dates,183
cosmopolite-a1-methode,Il va avoir un grand avenir.,,,,phrase,,none,183
cosmopolite-a1-methode,Il/Elle a reçu le prix … en [année].,,,,phrase,,profession,183
cosmopolite-a1-methode,Il/Elle a étudié la philosophie / a fait des études de…,,,,phrase,,school,183
cosmopolite-a1-methode,Il/Elle a … et a commencé sa carrière d'écrivain(e) en [année] avec son premier roman…,,,,phrase,,profession,183
cosmopolite-a1-methode,Il/Elle est arrivé(e) à Paris à l'âge de … en [année] pour faire…,,,,phrase,,travel,183
cosmopolite-a1-methode,Il/Elle est devenu(e) célèbre avec…,,,,phrase,,profession,183
cosmopolite-a1-methode,Il/Elle ressemble à…,,,,phrase,,personal-info,183
cosmopolite-a1-methode,Il/Elle vit aujourd'hui à…,,,,phrase,,personal-info,183
cosmopolite-a1-methode,Ils viennent de donner leur premier concert.,,,,phrase,,hobby,183
cosmopolite-a1-methode,Ils vont donner des conférences un peu partout.,,,,phrase,,none,183
cosmopolite-a1-methode,l'année dernière,,l',,noun,,time-dates,183
cosmopolite-a1-methode,la semaine dernière,,la,,noun,,time-dates,183
cosmopolite-a1-methode,lire,,,,verb,,school,183
cosmopolite-a1-methode,longs,,,,adjective,Avoir les cheveux courts / longs / frisés / blond / bruns.,personal-info,183
cosmopolite-a1-methode,marron,,,,adjective,Avoir les yeux clairs / gris / marron / bleus / verts.,personal-info,183
cosmopolite-a1-methode,mate,,,,adjective,Avoir la peau mate / bronzée / claire.,personal-info,183
cosmopolite-a1-methode,mince,,,,adjective,Être mince / un peu fort(e) / musclé(e).,personal-info,183
cosmopolite-a1-methode,musclé(e),,,,adjective,Être mince / un peu fort(e) / musclé(e).,personal-info,183
cosmopolite-a1-methode,ne pas avoir peur de,,,,phrase,,school,183
cosmopolite-a1-methode,ne pas hésiter à,,,,phrase,,school,183
cosmopolite-a1-methode,Nous avons appris…,,,,phrase,,school,183
cosmopolite-a1-methode,Nous avons compris…,,,,phrase,,school,183
cosmopolite-a1-methode,Nous avons créé…,,,,phrase,,school,183
cosmopolite-a1-methode,Nous avons fait des…,,,,phrase,,school,183
cosmopolite-a1-methode,Nous avons organisé…,,,,phrase,,school,183
cosmopolite-a1-methode,Nous avons parlé…,,,,phrase,,school,183
cosmopolite-a1-methode,Nous avons préparé…,,,,phrase,,school,183
cosmopolite-a1-methode,Nous avons regardé…,,,,phrase,,school,183
cosmopolite-a1-methode,Nous avons réalisé une enquête.,,,,phrase,,school,183
cosmopolite-a1-methode,Nous avons utilisé…,,,,phrase,,school,183
cosmopolite-a1-methode,Nous avons écouté…,,,,phrase,,school,183
cosmopolite-a1-methode,Nous avons écrit…,,,,phrase,,school,183
cosmopolite-a1-methode,Nous avons étudié le français.,,,,phrase,,school,183
cosmopolite-a1-methode,Nous n'avons pas fait de…,,,,phrase,,school,183
cosmopolite-a1-methode,Nous sommes allés à… pour…,,,,phrase,,school,183
cosmopolite-a1-methode,Nous sommes sortis…,,,,phrase,,hobby,183
cosmopolite-a1-methode,organiser,,,,verb,,school,183
cosmopolite-a1-methode,parler,,,,verb,,school,183
cosmopolite-a1-methode,petit(e),,,,adjective,Être petit(e) / grand(e).,personal-info,183
cosmopolite-a1-methode,préparer,,,,verb,,school,183
cosmopolite-a1-methode,raconter,,,,verb,,school,183
cosmopolite-a1-methode,regarder,,,,verb,,school,183
cosmopolite-a1-methode,réaliser,,,,verb,,school,183
cosmopolite-a1-methode,se concentrer,,,,verb,,school,183
cosmopolite-a1-methode,se documenter,,,,verb,,school,183
cosmopolite-a1-methode,se faire plaisir,,,,phrase,,school,183
cosmopolite-a1-methode,se retrouver,,,,verb,,school,183
cosmopolite-a1-methode,se souvenir,,,,verb,,school,183
cosmopolite-a1-methode,sortir,,,,verb,,school,183
cosmopolite-a1-methode,taille,,la,,noun,Nous avons la même allure / la même taille / la même voix.,personal-info,183
cosmopolite-a1-methode,un peu fort(e),,,,adjective,Être mince / un peu fort(e) / musclé(e).,personal-info,183
cosmopolite-a1-methode,utiliser,,,,verb,,school,183
cosmopolite-a1-methode,verts,,,,adjective,Avoir les yeux clairs / gris / marron / bleus / verts.,personal-info,183
cosmopolite-a1-methode,voix,,la,,noun,Nous avons la même allure / la même taille / la même voix.,personal-info,183
cosmopolite-a1-methode,vérifier,,,,verb,,school,183
cosmopolite-a1-methode,échanger,,,,verb,,school,183
cosmopolite-a1-methode,écouter,,,,verb,,school,183
cosmopolite-a1-methode,écrire,,,,verb,,school,183
cosmopolite-a1-methode,étudier,,,,verb,,school,183
cosmopolite-a1-methode,avoir peur,,,,phrase,,none,186
cosmopolite-a1-methode,beau,,,,adjective,Vous rêvez d'un séjour (beau) dans la nature ?,vacation,186
cosmopolite-a1-methode,bon,,,,adjective,nous vous réservons un moment (bon) avec des activités (varié) et (surprenant).,vacation,186
cosmopolite-a1-methode,délicieux,,,,adjective,Nous vous servirons des repas (délicieux).,food,186
cosmopolite-a1-methode,exceptionnel,,,,adjective,Vous n'oublierez pas ce séjour (exceptionnel) !,vacation,186
cosmopolite-a1-methode,l'Afrique du Sud,,l',,noun,,travel,186
cosmopolite-a1-methode,l'Argentine,,l',,noun,,travel,186
cosmopolite-a1-methode,l'Australie,,l',,noun,,travel,186
cosmopolite-a1-methode,l'Autriche,,l',,noun,,travel,186
cosmopolite-a1-methode,l'Inde,,l',,noun,,travel,186
cosmopolite-a1-methode,la Grande-Bretagne,,la,,noun,,travel,186
cosmopolite-a1-methode,la Nouvelle-Zélande,,la,,noun,,travel,186
cosmopolite-a1-methode,la Roumanie,,la,,noun,,travel,186
cosmopolite-a1-methode,le Brésil,,le,,noun,,travel,186
cosmopolite-a1-methode,le Cambodge,,le,,noun,,travel,186
cosmopolite-a1-methode,le Canada,,le,,noun,,travel,186
cosmopolite-a1-methode,le Japon,,le,,noun,,travel,186
cosmopolite-a1-methode,le Maroc,,le,,noun,,travel,186
cosmopolite-a1-methode,le Pérou,,le,,noun,,travel,186
cosmopolite-a1-methode,le Vietnam,,le,,noun,,travel,186
cosmopolite-a1-methode,régional,,,,adjective,Vous aimerez nos spécialités (régional).,food,186
cosmopolite-a1-methode,surprenant,,,,adjective,nous vous réservons un moment (bon) avec des activités (varié) et (surprenant).,vacation,186
cosmopolite-a1-methode,varié,,,,adjective,nous vous réservons un moment (bon) avec des activités (varié) et (surprenant).,vacation,186
cosmopolite-a1-methode,être curieux,,,,phrase,,none,186
cosmopolite-a1-methode,être heureux,,,,phrase,,none,186
cosmopolite-a1-methode,être intéressé,,,,phrase,,none,186
cosmopolite-a1-methode,être surpris,,,,phrase,,none,186
cosmopolite-a1-methode,(y) aller,,,,verb,,travel,187
cosmopolite-a1-methode,Acheter un guide ?,,,,phrase,,travel,187
cosmopolite-a1-methode,adorer,,,,verb,,travel,187
cosmopolite-a1-methode,aimer,,,,verb,,travel,187
cosmopolite-a1-methode,ancien(ne),,,,adjective,,city-places,187
cosmopolite-a1-methode,avoir peur,,,,phrase,,none,187
cosmopolite-a1-methode,beau (belle),,,,adjective,,city-places,187
cosmopolite-a1-methode,blanc (blanche),,,,adjective,,none,187
cosmopolite-a1-methode,bleu(e),,,,adjective,,none,187
cosmopolite-a1-methode,Ces saisons sont agréables…,,,,phrase,,weather,187
cosmopolite-a1-methode,Cette période de l'année est idéale pour…,,,,phrase,,travel,187
cosmopolite-a1-methode,content(e),,,,adjective,,none,187
cosmopolite-a1-methode,curieux (curieuse),,,,adjective,,none,187
cosmopolite-a1-methode,Devrez-vous emporter quelque chose ?,,,,phrase,,travel,187
cosmopolite-a1-methode,Devrez-vous faire quelque chose avant de partir ?,,,,phrase,,travel,187
cosmopolite-a1-methode,découvrir,,,,verb,,travel,187
cosmopolite-a1-methode,délicieux (délicieuse),,,,adjective,,food,187
cosmopolite-a1-methode,déçu(e),,,,adjective,,none,187
cosmopolite-a1-methode,exceptionnel(le),,,,adjective,,city-places,187
cosmopolite-a1-methode,faire des randonnées,,,,phrase,,travel,187
cosmopolite-a1-methode,Ferez-vous la connaissance des populations locales ?,,,,phrase,,travel,187
cosmopolite-a1-methode,grand(e),,,,adjective,,city-places,187
cosmopolite-a1-methode,gris(e),,,,adjective,,none,187
cosmopolite-a1-methode,heureux (heureuse),,,,adjective,,none,187
cosmopolite-a1-methode,idéal(e),,,,adjective,,city-places,187
cosmopolite-a1-methode,Il fait chaud.,,,,phrase,,weather,187
cosmopolite-a1-methode,Il fait doux.,,,,phrase,,weather,187
cosmopolite-a1-methode,Il fait froid.,,,,phrase,,weather,187
cosmopolite-a1-methode,Il fait humide.,,,,phrase,,weather,187
cosmopolite-a1-methode,Il fait sec.,,,,phrase,,weather,187
cosmopolite-a1-methode,Il fait … degrés.,,,,phrase,,weather,187
cosmopolite-a1-methode,Il faudra faire des vaccins ?,,,,phrase,,travel,187
cosmopolite-a1-methode,Il faudra faire un visa ?,,,,phrase,,travel,187
cosmopolite-a1-methode,Il fera chaud.,,,,phrase,,weather,187
cosmopolite-a1-methode,Il neige.,,,,phrase,,weather,187
cosmopolite-a1-methode,Il pleut.,,,,phrase,,weather,187
cosmopolite-a1-methode,Il pleuvra.,,,,phrase,,weather,187
cosmopolite-a1-methode,Il y a beaucoup de bruits / d'odeurs de nourriture.,,,,phrase,,none,187
cosmopolite-a1-methode,Il y a du vent.,,,,phrase,,weather,187
cosmopolite-a1-methode,Il y a une différence de température entre…,,,,phrase,,weather,187
cosmopolite-a1-methode,indifférent(e),,,,adjective,,none,187
cosmopolite-a1-methode,intéressé(e),,,,adjective,,none,187
cosmopolite-a1-methode,J'entends des langues étrangères.,,,,phrase,,none,187
cosmopolite-a1-methode,J'entends le son des klaxons.,,,,phrase,,none,187
cosmopolite-a1-methode,J'écoute de la musique.,,,,phrase,,none,187
cosmopolite-a1-methode,J'écoute le son des djembés / la musique traditionnelle / le bruit de la rue.,,,,phrase,,none,187
cosmopolite-a1-methode,jaune,,,,adjective,,none,187
cosmopolite-a1-methode,Je goûte une cuisine pimentée.,,,,phrase,,food,187
cosmopolite-a1-methode,Je sens des odeurs d'épices et de poisson.,,,,phrase,,food,187
cosmopolite-a1-methode,Je sens la bonne odeur du pain chaud.,,,,phrase,,food,187
cosmopolite-a1-methode,Je touche les tissus colorés.,,,,phrase,,shopping,187
cosmopolite-a1-methode,Je vois de la lumière et des couleurs.,,,,phrase,,none,187
cosmopolite-a1-methode,Je vois des gens sourire.,,,,phrase,,none,187
cosmopolite-a1-methode,l'architecture,,l',,noun,,city-places,187
cosmopolite-a1-methode,l'automne,,l',,noun,en septembre / en octobre / en novembre,weather,187
cosmopolite-a1-methode,l'histoire,,l',,noun,,city-places,187
cosmopolite-a1-methode,l'hiver,,l',,noun,en décembre / en janvier / en février,weather,187
cosmopolite-a1-methode,l'été,,l',,noun,en juin / en juillet / en août,weather,187
cosmopolite-a1-methode,la cuisine,,la,,noun,,food,187
cosmopolite-a1-methode,la place de la mairie,,la,,noun,,city-places,187
cosmopolite-a1-methode,la vieille ville,,la,,noun,,city-places,187
cosmopolite-a1-methode,le centre Pompidou,,le,,noun,,city-places,187
cosmopolite-a1-methode,le charme,,le,,noun,,city-places,187
cosmopolite-a1-methode,le Pont-Neuf,,le,,noun,,city-places,187
cosmopolite-a1-methode,le printemps,,le,,noun,en mars / en avril / en mai,weather,187
cosmopolite-a1-methode,les marchés,,les,,noun,,city-places,187
cosmopolite-a1-methode,Les mois à éviter sont…,,,,phrase,,travel,187
cosmopolite-a1-methode,les monuments,,les,,noun,,city-places,187
cosmopolite-a1-methode,les paysages,,les,,noun,,travel,187
cosmopolite-a1-methode,les plages,,les,,noun,,city-places,187
cosmopolite-a1-methode,les stations de métro,,les,,noun,,city-places,187
cosmopolite-a1-methode,Les îles seront sous la pluie.,,,,phrase,,weather,187
cosmopolite-a1-methode,magnifique,,,,adjective,,city-places,187
cosmopolite-a1-methode,malheureux (malheureuse),,,,adjective,,none,187
cosmopolite-a1-methode,On pourra profiter du soleil.,,,,phrase,,weather,187
cosmopolite-a1-methode,orange,,,,adjective,,none,187
cosmopolite-a1-methode,Où est situé le pays exactement ?,,,,phrase,,travel,187
cosmopolite-a1-methode,Où logerez-vous / dormirez-vous ?,,,,phrase,,travel,187
cosmopolite-a1-methode,petit(e),,,,adjective,,city-places,187
cosmopolite-a1-methode,Que découvrirez-vous ?,,,,phrase,,travel,187
cosmopolite-a1-methode,Quel continent ? Quel pays ?,,,,phrase,,travel,187
cosmopolite-a1-methode,"Quel sera le programme de la journée ? (heure du lever, heure du coucher)",,,,phrase,,travel,187
cosmopolite-a1-methode,Quelle(s) langue(s) parlerez-vous ?,,,,phrase,,travel,187
cosmopolite-a1-methode,Quelles activités ferez-vous ?,,,,phrase,,travel,187
cosmopolite-a1-methode,Quelles langues on y parle ?,,,,phrase,,travel,187
cosmopolite-a1-methode,Qui accompagnera ?,,,,phrase,,travel,187
cosmopolite-a1-methode,Qui participera ?,,,,phrase,,travel,187
cosmopolite-a1-methode,respirer,,,,verb,,travel,187
cosmopolite-a1-methode,rose,,,,adjective,,none,187
cosmopolite-a1-methode,rouge,,,,adjective,,none,187
cosmopolite-a1-methode,satisfait(e),,,,adjective,,none,187
cosmopolite-a1-methode,se balader,,,,verb,,travel,187
cosmopolite-a1-methode,se promener,,,,verb,,travel,187
cosmopolite-a1-methode,surpris(e),,,,adjective,,none,187
cosmopolite-a1-methode,triste,,,,adjective,,none,187
cosmopolite-a1-methode,une ville,,une,,noun,,city-places,187
cosmopolite-a1-methode,vert(e),,,,adjective,,none,187
cosmopolite-a1-methode,vieux (vieille),,,,adjective,,city-places,187
cosmopolite-a1-methode,visiter,,,,verb,,travel,187
cosmopolite-a1-methode,Visiter ce pays en…,,,,phrase,,travel,187
cosmopolite-a1-methode,étonné(e),,,,adjective,,none,187
cosmopolite-a1-methode,être,,,,verb,,travel,187
cosmopolite-a1-methode,blanche,,,,adjective,,shopping,190
cosmopolite-a1-methode,jaune,,,,adjective,,shopping,190
cosmopolite-a1-methode,orange,,,,adjective,,shopping,190
cosmopolite-a1-methode,rouge,,,,adjective,,shopping,190
cosmopolite-a1-methode,s'embrasser,,,,verb,nous nous embrassons pour nous souhaiter une bonne année,family,190
cosmopolite-a1-methode,s'inviter,,,,verb,"Pour le 14 juillet, on s'invite pour faire un bon barbecue.",communication,190
cosmopolite-a1-methode,se rencontrer,,,,verb,vous vous rencontrez entre voisins pour faire connaissance.,communication,190
cosmopolite-a1-methode,se retrouver,,,,verb,Ils se retrouvent pour le déjeuner du dimanche.,family,190
cosmopolite-a1-methode,se téléphoner,,,,verb,nous nous téléphonons à minuit.,communication,190
cosmopolite-a1-methode,un chapeau,,un,,noun,,shopping,190
cosmopolite-a1-methode,un chemisier,,un,,noun,,shopping,190
cosmopolite-a1-methode,un gilet,,un,,noun,,shopping,190
cosmopolite-a1-methode,une chemise,,une,,noun,,shopping,190
cosmopolite-a1-methode,une jupe,,une,,noun,,shopping,190
cosmopolite-a1-methode,une paire de chaussures,,une,,noun,,shopping,190
cosmopolite-a1-methode,[Une ou des choses] est / sont inattendue(s).,,,,phrase,,none,191
cosmopolite-a1-methode,[Une ou des choses] est / sont incroyable(s).,,,,phrase,,none,191
cosmopolite-a1-methode,[Une ou des choses] est / sont inhabituelle(s).,,,,phrase,,none,191
cosmopolite-a1-methode,[Une ou des choses] est / sont surprenante(s).,,,,phrase,,none,191
cosmopolite-a1-methode,[Une ou des choses] est / sont étonnante(s).,,,,phrase,,none,191
cosmopolite-a1-methode,"Bon, je vais le prendre.",,,,phrase,,shopping,191
cosmopolite-a1-methode,C'est assez inhabituel.,,,,phrase,,none,191
cosmopolite-a1-methode,C'est délicieux…,,,,phrase,,food,191
cosmopolite-a1-methode,C'est incroyable !,,,,phrase,,none,191
cosmopolite-a1-methode,C'est très français…,,,,phrase,,restaurant,191
cosmopolite-a1-methode,C'est très inattendu.,,,,phrase,,none,191
cosmopolite-a1-methode,C'est un peu surprenant.,,,,phrase,,none,191
cosmopolite-a1-methode,C'est vraiment réussi.,,,,phrase,,none,191
cosmopolite-a1-methode,C'est vraiment étonnant.,,,,phrase,,none,191
cosmopolite-a1-methode,Ce n'est pas très original.,,,,phrase,,none,191
cosmopolite-a1-methode,Ce n'est vraiment pas original !,,,,phrase,,communication,191
cosmopolite-a1-methode,Cette chemise est vraiment magnifique !,,,,phrase,,shopping,191
cosmopolite-a1-methode,Combien ça coûte ? Il/Elle coûte combien ?,,,,phrase,,shopping,191
cosmopolite-a1-methode,de la mousse au chocolat,,de la,,noun,,food,191
cosmopolite-a1-methode,de la purée de pommes de terre,,de la,,noun,,food,191
cosmopolite-a1-methode,des rillettes de canard,,des,,noun,,food,191
cosmopolite-a1-methode,du fromage avec du pain,,,,phrase,,food,191
cosmopolite-a1-methode,du gigot d'agneau aux pommes,,du,,noun,,food,191
cosmopolite-a1-methode,du poulet rôti au citron,,du,,noun,,food,191
cosmopolite-a1-methode,"Franchement, je trouve cette idée ridicule !",,,,phrase,,communication,191
cosmopolite-a1-methode,Ils/Elles ont l'air de … [appréciation positive].,,,,phrase,,none,191
cosmopolite-a1-methode,Je peux payer comment ?,,,,phrase,,shopping,191
cosmopolite-a1-methode,Je trouve la fête très réussie !,,,,phrase,,communication,191
cosmopolite-a1-methode,"L'accompagnement de légumes : comme légumes, de la purée de pommes de terre, des légumes…",,,,phrase,,food,191
cosmopolite-a1-methode,"Le fromage : comme fromage, du…",,,,phrase,,food,191
cosmopolite-a1-methode,Les [nationalité] achètent plus de livres dans les magasins que sur Internet.,,,,phrase,,shopping,191
cosmopolite-a1-methode,Les [nationalité] lisent moins.,,,,phrase,,none,191
cosmopolite-a1-methode,Les [sexe] lisent plus que les [sexe].,,,,phrase,,none,191
cosmopolite-a1-methode,Les boissons : un jus de fruits…,,,,phrase,,food,191
cosmopolite-a1-methode,"Les desserts : de la mousse au…, des fruits, une salade de fruits…",,,,phrase,,food,191
cosmopolite-a1-methode,Les entrées : en entrée…,,,,phrase,,restaurant,191
cosmopolite-a1-methode,"Les plats : comme plat, de la viande, du poisson…",,,,phrase,,food,191
cosmopolite-a1-methode,Les … lisent beaucoup plus de choses différentes.,,,,phrase,,none,191
cosmopolite-a1-methode,Les … lisent moins de romans.,,,,phrase,,none,191
cosmopolite-a1-methode,Moins jeune / vieux qu'avant.,,,,phrase,,none,191
cosmopolite-a1-methode,Moins … que le lecteur de…,,,,phrase,,none,191
cosmopolite-a1-methode,On adore…,,,,phrase,,restaurant,191
cosmopolite-a1-methode,On aime beaucoup…,,,,phrase,,restaurant,191
cosmopolite-a1-methode,On apprécie.,,,,phrase,,none,191
cosmopolite-a1-methode,On trouve ce nouveau restaurant génial !,,,,phrase,,restaurant,191
cosmopolite-a1-methode,On trouve … franchement original(e).,,,,phrase,,none,191
cosmopolite-a1-methode,On trouve … génial(e) !,,,,phrase,,none,191
cosmopolite-a1-methode,Où se trouve la caisse ?,,,,phrase,,shopping,191
cosmopolite-a1-methode,Plus féminin / masculin que masculin / féminin.,,,,phrase,,none,191
cosmopolite-a1-methode,Qu'est-ce que vous me conseillez ?,,,,phrase,,shopping,191
cosmopolite-a1-methode,"Quel dommage, c'est déjà fini !",,,,phrase,,communication,191
cosmopolite-a1-methode,un filet de colin au miel,,un,,noun,,food,191
cosmopolite-a1-methode,un pavé de saumon au vinaigre balsamique,,un,,noun,,food,191
cosmopolite-a1-methode,une poêlée de légumes,,une,,noun,,food,191
cosmopolite-a1-methode,une salade de fruits rouges,,une,,noun,,food,191
cosmopolite-a1-methode,une soupe à l'oignon,,une,,noun,,food,191
cosmopolite-a1-methode,… est franchement incroyable.,,,,phrase,,none,191
cosmopolite-a1-methode,… trouve(nt) ça ridicule.,,,,phrase,,none,191
cosmopolite-a1-methode,accueillant(s),,,,adjective,,restaurant,195
cosmopolite-a1-methode,agréable,,,,adjective,,restaurant,195
cosmopolite-a1-methode,"Aujourd'hui, grâce à mon niveau de français…",,,,phrase,,school,195
cosmopolite-a1-methode,bon rapport qualité-prix,,,,phrase,,restaurant,195
cosmopolite-a1-methode,bruyant(e),,,,adjective,,restaurant,195
cosmopolite-a1-methode,C'était facile / difficile.,,,,phrase,,school,195
cosmopolite-a1-methode,"Ce/Cette … est assez …, j'ai bien aimé.",,,,phrase,,hobby,195
cosmopolite-a1-methode,Ce/Cette … est trop…,,,,phrase,,hobby,195
cosmopolite-a1-methode,Ce/Cette … n'est pas assez…,,,,phrase,,hobby,195
cosmopolite-a1-methode,chaleureux (chaleureuse),,,,adjective,,restaurant,195
cosmopolite-a1-methode,cher,,,,adjective,,restaurant,195
cosmopolite-a1-methode,"Commander les boissons : de l'eau minérale, de l'eau gazeuse s'il vous plaît.",,,,phrase,,restaurant,195
cosmopolite-a1-methode,Commander les plats : nous allons prendre…,,,,phrase,,restaurant,195
cosmopolite-a1-methode,Demander l'addition : l'addition s'il vous plaît.,,,,phrase,,restaurant,195
cosmopolite-a1-methode,"Et pour moi, saignant s'il vous plaît.",,,,phrase,,restaurant,195
cosmopolite-a1-methode,exceptionnel(le)(s),,,,adjective,,restaurant,195
cosmopolite-a1-methode,"Exprimer sa satisfaction : oui, ça nous a beaucoup plu. Tout était délicieux !",,,,phrase,,restaurant,195
cosmopolite-a1-methode,froid(s),,,,adjective,,restaurant,195
cosmopolite-a1-methode,Il faut attendre longtemps entre les plats.,,,,phrase,,restaurant,195
cosmopolite-a1-methode,Il faut réserver…,,,,phrase,,hobby,195
cosmopolite-a1-methode,Il y a beaucoup d'excellents professeurs.,,,,phrase,,school,195
cosmopolite-a1-methode,Il y a trop de…,,,,phrase,,hobby,195
cosmopolite-a1-methode,Je n'ai pas aimé non plus.,,,,phrase,,hobby,195
cosmopolite-a1-methode,Je te conseille de…,,,,phrase,,hobby,195
cosmopolite-a1-methode,Les cours étaient très dynamiques.,,,,phrase,,school,195
cosmopolite-a1-methode,Les jeunes n'écoutent plus…,,,,phrase,,hobby,195
cosmopolite-a1-methode,Les professeurs expliquaient bien.,,,,phrase,,school,195
cosmopolite-a1-methode,N'hésite pas à réserver à…,,,,phrase,,hobby,195
cosmopolite-a1-methode,Nous avons beaucoup appris.,,,,phrase,,school,195
cosmopolite-a1-methode,Nous avons décidé d'apprendre le français.,,,,phrase,,school,195
cosmopolite-a1-methode,Nous avons fait beaucoup de progrès.,,,,phrase,,school,195
cosmopolite-a1-methode,Nous avons travaillé en groupes.,,,,phrase,,school,195
cosmopolite-a1-methode,Nous ne parlions pas du tout français.,,,,phrase,,school,195
cosmopolite-a1-methode,Nous prenons des cours particuliers.,,,,phrase,,school,195
cosmopolite-a1-methode,On ne voit / On n'entend que…,,,,phrase,,hobby,195
cosmopolite-a1-methode,On s'aidait quand on avait des difficultés.,,,,phrase,,school,195
cosmopolite-a1-methode,pas très disponible(s),,,,adjective,,restaurant,195
cosmopolite-a1-methode,"pas très original(e) (originaux, originales)",,,,adjective,,restaurant,195
cosmopolite-a1-methode,petit(e)(s),,,,adjective,,restaurant,195
cosmopolite-a1-methode,"Préciser le type de cuisson : pour moi, à point.",,,,phrase,,restaurant,195
cosmopolite-a1-methode,"Si tu ne peux pas, alors choisis…",,,,phrase,,hobby,195
cosmopolite-a1-methode,sympa,,,,adjective,,restaurant,195
cosmopolite-a1-methode,Tu peux réserver…,,,,phrase,,hobby,195
cosmopolite-a1-methode,varié(e)(s),,,,adjective,,restaurant,195
cosmopolite-a1-methode,Évite de réserver sur le site de…,,,,phrase,,hobby,195
cosmopolite-a1-methode,aller,,,,verb,,none,219
cosmopolite-a1-methode,avoir,,,,verb,,none,219
cosmopolite-a1-methode,devoir,,,,verb,,none,219
cosmopolite-a1-methode,faire,,,,verb,,none,219
cosmopolite-a1-methode,pouvoir,,,,verb,,none,219
cosmopolite-a1-methode,prendre,,,,verb,,none,219
cosmopolite-a1-methode,vouloir,,,,verb,,none,219
cosmopolite-a1-methode,être,,,,verb,,none,219
cosmopolite-a1-methode,choisir,,,,verb,,none,220
cosmopolite-a1-methode,connaître,,,,verb,,none,220
cosmopolite-a1-methode,parler,,,,verb,,none,220
cosmopolite-a1-methode,réfléchir,,,,verb,,none,220
cosmopolite-a1-methode,sortir,,,,verb,,none,220
cosmopolite-a1-methode,venir,,,,verb,,none,220
cosmopolite-a1-methode,voir,,,,verb,,none,220
cosmopolite-a1-methode,écrire,,,,verb,,none,220
cosmopolite-a1-methode,ALLEMAGNE,,,,noun,,travel,221
cosmopolite-a1-methode,ANDORRE,,,,noun,,travel,221
cosmopolite-a1-methode,Angers,,,,noun,,travel,221
cosmopolite-a1-methode,AUVERGNE-RHÔNE-ALPES,,,,noun,Lyon,travel,221
cosmopolite-a1-methode,BELGIQUE,,,,noun,,travel,221
cosmopolite-a1-methode,BOURGOGNE-FRANCHE-COMTÉ,,,,noun,Dijon,travel,221
cosmopolite-a1-methode,BRETAGNE,,,,noun,Rennes,travel,221
cosmopolite-a1-methode,CENTRE-VAL DE LOIRE,,,,noun,Orléans,travel,221
cosmopolite-a1-methode,Chamonix,,,,noun,,travel,221
cosmopolite-a1-methode,CORSE,,,,noun,Ajaccio,travel,221
cosmopolite-a1-methode,ESPAGNE,,,,noun,,travel,221
cosmopolite-a1-methode,GRAND EST,,,,noun,Strasbourg,travel,221
cosmopolite-a1-methode,Grenoble,,,,noun,,travel,221
cosmopolite-a1-methode,HAUTS-DE-FRANCE,,,,noun,Lille,travel,221
cosmopolite-a1-methode,ITALIE,,,,noun,,travel,221
cosmopolite-a1-methode,Limoges,,,,noun,,travel,221
cosmopolite-a1-methode,LUX.,,,,other,,travel,221
cosmopolite-a1-methode,Manche,,,,noun,,travel,221
cosmopolite-a1-methode,Mer Méditerranée,,,,noun,,travel,221
cosmopolite-a1-methode,MONACO,,,,noun,,travel,221
cosmopolite-a1-methode,Montpellier,,,,noun,,travel,221
cosmopolite-a1-methode,Nice,,,,noun,,travel,221
cosmopolite-a1-methode,NORMANDIE,,,,noun,Rouen,travel,221
cosmopolite-a1-methode,NOUVELLE-AQUITAINE,,,,noun,Bordeaux,travel,221
cosmopolite-a1-methode,OCCITANIE,,,,noun,Toulouse,travel,221
cosmopolite-a1-methode,Océan Atlantique,,,,noun,,travel,221
cosmopolite-a1-methode,PAYS DE LA LOIRE,,,,noun,Nantes,travel,221
cosmopolite-a1-methode,PAYS-BAS,,,,noun,,travel,221
cosmopolite-a1-methode,PROVENCE-ALPES-CÔTE D'AZUR,,,,noun,Marseille,travel,221
cosmopolite-a1-methode,ROYAUME-UNI,,,,noun,,travel,221
cosmopolite-a1-methode,SUISSE,,,,noun,,travel,221
cosmopolite-a1-methode,ÎLE-DE-FRANCE,,,,noun,Paris,travel,221
cosmopolite-a1-methode,ALBANIE,,,,noun,,travel,222
cosmopolite-a1-methode,ALLEMAGNE,,,,noun,,travel,222
cosmopolite-a1-methode,ANDORRE,,,,noun,,travel,222
cosmopolite-a1-methode,AUTRICHE,,,,noun,,travel,222
cosmopolite-a1-methode,BELGIQUE,,,,noun,,travel,222
cosmopolite-a1-methode,BIÉLORUSSIE,,,,noun,,travel,222
cosmopolite-a1-methode,BOSNIE,,,,noun,,travel,222
cosmopolite-a1-methode,BULGARIE,,,,noun,,travel,222
cosmopolite-a1-methode,CHYPRE,,,,noun,,travel,222
cosmopolite-a1-methode,CROATIE,,,,noun,,travel,222
cosmopolite-a1-methode,DANEMARK,,,,noun,,travel,222
cosmopolite-a1-methode,ESPAGNE,,,,noun,,travel,222
cosmopolite-a1-methode,ESTONIE,,,,noun,,travel,222
cosmopolite-a1-methode,FINLANDE,,,,noun,,travel,222
cosmopolite-a1-methode,FRANCE,,,,noun,,travel,222
cosmopolite-a1-methode,FYROM,,,,other,,travel,222
cosmopolite-a1-methode,GRÈCE,,,,noun,,travel,222
cosmopolite-a1-methode,HERZÉGOVINE,,,,noun,,travel,222
cosmopolite-a1-methode,HONGRIE,,,,noun,,travel,222
cosmopolite-a1-methode,IRLANDE,,,,noun,,travel,222
cosmopolite-a1-methode,ISLANDE,,,,noun,,travel,222
cosmopolite-a1-methode,ITALIE,,,,noun,,travel,222
cosmopolite-a1-methode,KOSOVO,,,,noun,,travel,222
cosmopolite-a1-methode,LETTONIE,,,,noun,,travel,222
cosmopolite-a1-methode,LIECHTENSTEIN,,,,noun,,travel,222
cosmopolite-a1-methode,LITUANIE,,,,noun,,travel,222
cosmopolite-a1-methode,LUXEMBOURG,,,,noun,,travel,222
cosmopolite-a1-methode,MALTE,,,,noun,,travel,222
cosmopolite-a1-methode,Mer Baltique,,,,noun,,travel,222
cosmopolite-a1-methode,Mer du Nord,,,,noun,,travel,222
cosmopolite-a1-methode,Mer Méditerranée,,,,noun,,travel,222
cosmopolite-a1-methode,MOLDAVIE,,,,noun,,travel,222
cosmopolite-a1-methode,MONACO,,,,noun,,travel,222
cosmopolite-a1-methode,MONTÉNÉGRO,,,,noun,,travel,222
cosmopolite-a1-methode,NORVÈGE,,,,noun,,travel,222
cosmopolite-a1-methode,Océan Atlantique,,,,noun,,travel,222
cosmopolite-a1-methode,PAYS-BAS,,,,noun,,travel,222
cosmopolite-a1-methode,POLOGNE,,,,noun,,travel,222
cosmopolite-a1-methode,PORTUGAL,,,,noun,,travel,222
cosmopolite-a1-methode,ROUMANIE,,,,noun,,travel,222
cosmopolite-a1-methode,ROYAUME-UNI,,,,noun,,travel,222
cosmopolite-a1-methode,RUSSIE,,,,noun,,travel,222
cosmopolite-a1-methode,RÉP. TCHÈQUE,,,,noun,,travel,222
cosmopolite-a1-methode,SAINT-MARIN,,,,noun,,travel,222
cosmopolite-a1-methode,SERBIE,,,,noun,,travel,222
cosmopolite-a1-methode,SLOVAQUIE,,,,noun,,travel,222
cosmopolite-a1-methode,SLOVÉNIE,,,,noun,,travel,222
cosmopolite-a1-methode,SUISSE,,,,noun,,travel,222
cosmopolite-a1-methode,SUÈDE,,,,noun,,travel,222
cosmopolite-a1-methode,UKRAINE,,,,noun,,travel,222
cosmopolite-a1-methode,VATICAN,,,,noun,,travel,222
cosmopolite-a1-methode,A1,,,,other,,travel,223
cosmopolite-a1-methode,A13,,,,other,,travel,223
cosmopolite-a1-methode,A4,,,,other,,travel,223
cosmopolite-a1-methode,A6,,,,other,,travel,223
cosmopolite-a1-methode,Arc de Triomphe,,,,noun,,city-places,223
cosmopolite-a1-methode,arrondissement,,un,,noun,Limite d'arrondissement,city-places,223
cosmopolite-a1-methode,Barbès,,,,noun,,city-places,223
cosmopolite-a1-methode,Basilique du Sacré-Cœur,,,,noun,,city-places,223
cosmopolite-a1-methode,Belleville,,,,noun,,city-places,223
cosmopolite-a1-methode,Bibliothèque de France,,,,noun,,city-places,223
cosmopolite-a1-methode,Bois de Boulogne,,,,noun,,city-places,223
cosmopolite-a1-methode,Bois de Vincennes,,,,noun,,city-places,223
cosmopolite-a1-methode,Boulevard périphérique,,,,noun,,city-places,223
cosmopolite-a1-methode,Centre G. Pompidou,,,,noun,,city-places,223
cosmopolite-a1-methode,Champs-Élysées,,,,noun,,city-places,223
cosmopolite-a1-methode,Cité des sciences et de l'industrie,,,,noun,,city-places,223
cosmopolite-a1-methode,Disneyland-Paris,,,,noun,,travel,223
cosmopolite-a1-methode,Grande Arche,,,,noun,,city-places,223
cosmopolite-a1-methode,Invalides,,,,noun,,city-places,223
cosmopolite-a1-methode,La Défense,,,,noun,,city-places,223
cosmopolite-a1-methode,Le Marais,,,,noun,,city-places,223
cosmopolite-a1-methode,Maison de Radio-France,,,,noun,,city-places,223
cosmopolite-a1-methode,Marne,,,,noun,,city-places,223
cosmopolite-a1-methode,Montmartre,,,,noun,,city-places,223
cosmopolite-a1-methode,Musée du Louvre,,,,noun,,city-places,223
cosmopolite-a1-methode,Musée du Quai Branly,,,,noun,,city-places,223
cosmopolite-a1-methode,Notre-Dame,,,,noun,,city-places,223
cosmopolite-a1-methode,Opéra Bastille,,,,noun,,city-places,223
cosmopolite-a1-methode,Opéra Garnier,,,,noun,,city-places,223
cosmopolite-a1-methode,Palais Bourbon,,,,noun,,city-places,223
cosmopolite-a1-methode,Palais de Chaillot,,,,noun,,city-places,223
cosmopolite-a1-methode,Palais de l'Élysée,,,,noun,,city-places,223
cosmopolite-a1-methode,Palais du Luxembourg,,,,noun,,city-places,223
cosmopolite-a1-methode,Palais Omnisports de Paris-Bercy,,,,noun,,city-places,223
cosmopolite-a1-methode,Parc de la Villette,,,,noun,,city-places,223
cosmopolite-a1-methode,Paris-Charles-de-Gaulle,,,,noun,,travel,223
cosmopolite-a1-methode,Paris-Orly,,,,noun,,travel,223
cosmopolite-a1-methode,Passy,,,,noun,,city-places,223
cosmopolite-a1-methode,Place d'Italie,,,,noun,,city-places,223
cosmopolite-a1-methode,Place de l'Opéra,,,,noun,,city-places,223
cosmopolite-a1-methode,Place de la Bastille,,,,noun,,city-places,223
cosmopolite-a1-methode,Place de la Nation,,,,noun,,city-places,223
cosmopolite-a1-methode,Place Denfert-Rochereau,,,,noun,,city-places,223
cosmopolite-a1-methode,Place Pigalle,,,,noun,,city-places,223
cosmopolite-a1-methode,Porte d'Italie,,,,noun,,city-places,223
cosmopolite-a1-methode,Porte d'Orléans,,,,noun,,city-places,223
cosmopolite-a1-methode,Porte de Bagnolet,,,,noun,,city-places,223
cosmopolite-a1-methode,Porte de Bercy,,,,noun,,city-places,223
cosmopolite-a1-methode,Porte de Champerret,,,,noun,,city-places,223
cosmopolite-a1-methode,Porte de Châtillon,,,,noun,,city-places,223
cosmopolite-a1-methode,Porte de Clignacourt,,,,noun,,city-places,223
cosmopolite-a1-methode,Porte de la Chapelle,,,,noun,,city-places,223
cosmopolite-a1-methode,Porte de la Villette,,,,noun,,city-places,223
cosmopolite-a1-methode,Porte de Pantin,,,,noun,,city-places,223
cosmopolite-a1-methode,Porte de Saint-Cloud,,,,noun,,city-places,223
cosmopolite-a1-methode,Porte de Versailles,,,,noun,,city-places,223
cosmopolite-a1-methode,Porte de Vincennes,,,,noun,,city-places,223
cosmopolite-a1-methode,Porte Maillot,,,,noun,,city-places,223
cosmopolite-a1-methode,Quartier Latin,,,,noun,,city-places,223
cosmopolite-a1-methode,République,,,,noun,,city-places,223
cosmopolite-a1-methode,Seine,,,,noun,,city-places,223
cosmopolite-a1-methode,Tour Eiffel,,,,noun,,city-places,223
cosmopolite-a1-methode,Tour Montparnasse,,,,noun,,city-places,223
