collection,word,article,plural,word_class,example,topic,source_page
tricolore-2-5th-edition,'envoi',,,noun,,none,154
tricolore-2-5th-edition,(à) mon avis,,,phrase,,none,154
tricolore-2-5th-edition,aider à la maison,,,phrase,,none,154
tricolore-2-5th-edition,allumer,,,verb,,none,154
tricolore-2-5th-edition,apprendre (par cœur),,,verb,,none,154
tricolore-2-5th-edition,argent,l',,noun,,shopping,154
tricolore-2-5th-edition,bic (m),,,noun,,none,154
tricolore-2-5th-edition,boissons,les,,noun,,food,154
tricolore-2-5th-edition,brancher,,,verb,,none,154
tricolore-2-5th-edition,cahier (m),,,noun,,school,154
tricolore-2-5th-edition,calculatrice (f),,,noun,,school,154
tricolore-2-5th-edition,cartable (m),,,noun,,school,154
tricolore-2-5th-edition,carte (f),,,noun,,none,154
tricolore-2-5th-edition,casse-croûtes,les,,noun,,food,154
tricolore-2-5th-edition,chaise (f),,,noun,,none,154
tricolore-2-5th-edition,charger,,,verb,,none,154
tricolore-2-5th-edition,chercher dans le dictionnaire,,,verb,,school,154
tricolore-2-5th-edition,chez une famille,,,phrase,,family,154
tricolore-2-5th-edition,choisir,,,verb,,none,154
tricolore-2-5th-edition,classeur (m),,,noun,,communication,154
tricolore-2-5th-edition,clavier (m),,,noun,,communication,154
tricolore-2-5th-edition,cliquer sur la souris,,,verb,,communication,154
tricolore-2-5th-edition,clé USB (f),,,noun,,none,154
tricolore-2-5th-edition,commencer,,,verb,,none,154
tricolore-2-5th-edition,corriger,,,verb,,none,154
tricolore-2-5th-edition,couper-coller,,,verb,,none,154
tricolore-2-5th-edition,curseur (m),,,noun,,communication,154
tricolore-2-5th-edition,descriptions,les,,noun,,none,154
tricolore-2-5th-edition,dessiner,,,verb,,none,154
tricolore-2-5th-edition,deviner,,,verb,,none,154
tricolore-2-5th-edition,distractions,les,,noun,,hobby,154
tricolore-2-5th-edition,distribuer,,,verb,,none,154
tricolore-2-5th-edition,effacer,,,verb,,none,154
tricolore-2-5th-edition,en classe,,,phrase,,school,154
tricolore-2-5th-edition,en ligne,,,phrase,,none,154
tricolore-2-5th-edition,en voyage,,,phrase,,none,154
tricolore-2-5th-edition,encore une fois,,,phrase,,none,154
tricolore-2-5th-edition,essayer,,,verb,,none,154
tricolore-2-5th-edition,excursion,une,,noun,,vacation,154
tricolore-2-5th-edition,expliquer,,,verb,,none,154
tricolore-2-5th-edition,famille,la,,noun,,family,154
tricolore-2-5th-edition,fermer,,,verb,,none,154
tricolore-2-5th-edition,feutre (m),,,noun,,none,154
tricolore-2-5th-edition,fichier (m),,,noun,,communication,154
tricolore-2-5th-edition,finir,,,verb,,none,154
tricolore-2-5th-edition,gagner,,,verb,,none,154
tricolore-2-5th-edition,glaces,les,,noun,,none,154
tricolore-2-5th-edition,gomme (f),,,noun,,school,154
tricolore-2-5th-edition,imprimante (f),,,noun,,communication,154
tricolore-2-5th-edition,informatique (f),l',,noun,,none,154
tricolore-2-5th-edition,iPod (m),,,noun,,none,154
tricolore-2-5th-edition,lecteur CD (m),,,noun,,none,154
tricolore-2-5th-edition,lecteur MP3 (m),,,noun,,none,154
tricolore-2-5th-edition,lecture,la,,noun,,hobby,154
tricolore-2-5th-edition,lien (m),,,noun,,communication,154
tricolore-2-5th-edition,magasins,les,,noun,,shopping,154
tricolore-2-5th-edition,marquer,,,verb,,none,154
tricolore-2-5th-edition,match,un,,noun,,hobby,154
tricolore-2-5th-edition,matières scolaires,les,,noun,,school,154
tricolore-2-5th-edition,matériel scolaire,le,,noun,,school,154
tricolore-2-5th-edition,menu (m),,,noun,,restaurant,154
tricolore-2-5th-edition,message (m),,,noun,,communication,154
tricolore-2-5th-edition,mettre dans le bon ordre,,,verb,,none,154
tricolore-2-5th-edition,moniteur (m),,,noun,,none,154
tricolore-2-5th-edition,mot de passe (m),,,noun,,communication,154
tricolore-2-5th-edition,noter,,,verb,,none,154
tricolore-2-5th-edition,on sort,,,phrase,,none,154
tricolore-2-5th-edition,ordinateur (m),,,noun,,communication,154
tricolore-2-5th-edition,oublier,,,verb,,none,154
tricolore-2-5th-edition,ouvrir,,,verb,,none,154
tricolore-2-5th-edition,parler,,,verb,,none,154
tricolore-2-5th-edition,parties du corps,les,,noun,,hobby,154
tricolore-2-5th-edition,pays et les continents,les,,noun,,travel,154
tricolore-2-5th-edition,penser,,,verb,,none,154
tricolore-2-5th-edition,plats d'un repas,les,,noun,,food,154
tricolore-2-5th-edition,poser une question,,,verb,,none,154
tricolore-2-5th-edition,quantités,les,,noun,,none,154
tricolore-2-5th-edition,ranger,,,verb,,none,154
tricolore-2-5th-edition,repas au restaurant,un,,noun,,restaurant,154
tricolore-2-5th-edition,routine journalière,la,,noun,,daily-routine,154
tricolore-2-5th-edition,règle (f),,,noun,,school,154
tricolore-2-5th-edition,répondre,,,verb,,none,154
tricolore-2-5th-edition,répéter,,,verb,,none,154
tricolore-2-5th-edition,sac de sports (m),,,noun,,hobby,154
tricolore-2-5th-edition,sac à dos (m),,,noun,,none,154
tricolore-2-5th-edition,santé,la,,noun,,health,154
tricolore-2-5th-edition,savoir,,,verb,,none,154
tricolore-2-5th-edition,souligner,,,verb,,none,154
tricolore-2-5th-edition,stylo à bille (m),,,noun,,none,154
tricolore-2-5th-edition,surligneur (m),,,noun,,none,154
tricolore-2-5th-edition,table (f),,,noun,,none,154
tricolore-2-5th-edition,tableau (m),,,noun,,none,154
tricolore-2-5th-edition,tableau interactif (m),,,noun,,none,154
tricolore-2-5th-edition,taille-crayon (m),,,noun,,school,154
tricolore-2-5th-edition,temps passé,le,,noun,,time-dates,154
tricolore-2-5th-edition,tourner,,,verb,,none,154
tricolore-2-5th-edition,transports,les,,noun,,travel,154
tricolore-2-5th-edition,travailler (en équipes),,,verb,,none,154
tricolore-2-5th-edition,trousse (f),,,noun,,school,154
tricolore-2-5th-edition,trouver,,,verb,,none,154
tricolore-2-5th-edition,télévision (f),,,noun,,none,154
tricolore-2-5th-edition,vie au collège,la,,noun,,school,154
tricolore-2-5th-edition,vérifier,,,verb,,none,154
tricolore-2-5th-edition,vêtements,les,,noun,,shopping,154
tricolore-2-5th-edition,à la gare,,,phrase,,travel,154
tricolore-2-5th-edition,écouter,,,verb,,none,154
tricolore-2-5th-edition,écran (m),,,noun,,communication,154
tricolore-2-5th-edition,écrire,,,verb,,none,154
tricolore-2-5th-edition,aller en discothèque/boîte (f),,,verb,,hobby,155
tricolore-2-5th-edition,animaux (m pl),les,,noun,,none,155
tricolore-2-5th-edition,assez,,,adverb,,none,155
tricolore-2-5th-edition,athlétisme (m),,,noun,,hobby,155
tricolore-2-5th-edition,auberge de jeunesse (f),,,noun,,vacation,155
tricolore-2-5th-edition,badminton (m),,,noun,,none,155
tricolore-2-5th-edition,banque (f),,,noun,,city-places,155
tricolore-2-5th-edition,batterie (f),,,noun,,hobby,155
tricolore-2-5th-edition,beau-frère (m),,,noun,,family,155
tricolore-2-5th-edition,belle-sœur (f),,,noun,,family,155
tricolore-2-5th-edition,bâtiments religieux (m pl),des,,noun,,none,155
tricolore-2-5th-edition,C'est amusant,,,phrase,,none,155
tricolore-2-5th-edition,C'est difficile,,,phrase,,none,155
tricolore-2-5th-edition,C'est ennuyeux,,,phrase,,none,155
tricolore-2-5th-edition,C'est facile,,,phrase,,none,155
tricolore-2-5th-edition,C'est intéressant,,,phrase,,none,155
tricolore-2-5th-edition,C'est nul,,,phrase,,none,155
tricolore-2-5th-edition,C'est super,,,phrase,,none,155
tricolore-2-5th-edition,C'est sympa,,,phrase,,none,155
tricolore-2-5th-edition,C'est utile,,,phrase,,none,155
tricolore-2-5th-edition,camping (m),,,noun,,vacation,155
tricolore-2-5th-edition,cathédrale (f),,,noun,,city-places,155
tricolore-2-5th-edition,centre-ville (m),,,noun,,city-places,155
tricolore-2-5th-edition,chambre (f),,,noun,,home,155
tricolore-2-5th-edition,chat (m),,,noun,,none,155
tricolore-2-5th-edition,chatte (f),,,noun,,none,155
tricolore-2-5th-edition,cheval (m),,,noun,,none,155
tricolore-2-5th-edition,chien (m),,,noun,,none,155
tricolore-2-5th-edition,cochon d'Inde (m),,,noun,,none,155
tricolore-2-5th-edition,collège (m),,,noun,,school,155
tricolore-2-5th-edition,concert (m),,,noun,,hobby,155
tricolore-2-5th-edition,cousin(e) (m/f),,,noun,,family,155
tricolore-2-5th-edition,cricket (m),,,noun,,hobby,155
tricolore-2-5th-edition,cuisine (f),,,noun,,home,155
tricolore-2-5th-edition,cyclisme (m),,,noun,,hobby,155
tricolore-2-5th-edition,d'autres loisirs,,,phrase,,hobby,155
tricolore-2-5th-edition,demi-frère (m),,,noun,,none,155
tricolore-2-5th-edition,demi-sœur (f),,,noun,,none,155
tricolore-2-5th-edition,en automne (m),,,phrase,,time-dates,155
tricolore-2-5th-edition,en hiver (m),,,phrase,,time-dates,155
tricolore-2-5th-edition,en ville,,,phrase,,city-places,155
tricolore-2-5th-edition,en été (m),,,phrase,,time-dates,155
tricolore-2-5th-edition,est,l',,noun,,travel,155
tricolore-2-5th-edition,exposition (f),,,noun,,hobby,155
tricolore-2-5th-edition,faire de la peinture,,,verb,,hobby,155
tricolore-2-5th-edition,faire des photos,,,verb,,hobby,155
tricolore-2-5th-edition,faire du dessin,,,verb,,hobby,155
tricolore-2-5th-edition,faire du théâtre,,,verb,,hobby,155
tricolore-2-5th-edition,famille,la,,noun,,family,155
tricolore-2-5th-edition,fenêtre (f),,,noun,,home,155
tricolore-2-5th-edition,feu d'artifice (m),,,noun,,hobby,155
tricolore-2-5th-edition,fille (unique) (f),,,noun,,family,155
tricolore-2-5th-edition,fils (unique) (m),,,noun,,family,155
tricolore-2-5th-edition,flûte (f),,,noun,,hobby,155
tricolore-2-5th-edition,flûte à bec (f),,,noun,,none,155
tricolore-2-5th-edition,football (m),,,noun,,hobby,155
tricolore-2-5th-edition,fromage (m),,,noun,,food,155
tricolore-2-5th-edition,frère (m),,,noun,,family,155
tricolore-2-5th-edition,fête (f),,,noun,,hobby,155
tricolore-2-5th-edition,fête foraine (f),,,noun,,none,155
tricolore-2-5th-edition,garage (m),,,noun,,home,155
tricolore-2-5th-edition,gare (f),,,noun,,travel,155
tricolore-2-5th-edition,golf (m),,,noun,,hobby,155
tricolore-2-5th-edition,grand-mère (f),,,noun,,family,155
tricolore-2-5th-edition,grand-père (m),,,noun,,family,155
tricolore-2-5th-edition,guitare (f),,,noun,,hobby,155
tricolore-2-5th-edition,gymnastique (f),,,noun,,hobby,155
tricolore-2-5th-edition,hamster (m),,,noun,,none,155
tricolore-2-5th-edition,hôpital (m),,,noun,,health,155
tricolore-2-5th-edition,hôtel (m),,,noun,,none,155
tricolore-2-5th-edition,hôtel de ville (m),,,noun,,city-places,155
tricolore-2-5th-edition,il fait beau,,,phrase,,weather,155
tricolore-2-5th-edition,il fait chaud,,,phrase,,weather,155
tricolore-2-5th-edition,il fait froid,,,phrase,,weather,155
tricolore-2-5th-edition,il fait mauvais,,,phrase,,weather,155
tricolore-2-5th-edition,il neige,,,phrase,,weather,155
tricolore-2-5th-edition,il pleut,,,phrase,,weather,155
tricolore-2-5th-edition,il y a du brouillard,,,phrase,,weather,155
tricolore-2-5th-edition,il y a du soleil,,,phrase,,weather,155
tricolore-2-5th-edition,il y a du vent,,,phrase,,weather,155
tricolore-2-5th-edition,jambon (m),,,noun,,food,155
tricolore-2-5th-edition,jardin (m),,,noun,,home,155
tricolore-2-5th-edition,je ne suis pas d'accord,,,phrase,,none,155
tricolore-2-5th-edition,je suis d'accord,,,phrase,,none,155
tricolore-2-5th-edition,je suis pour/contre,,,phrase,,none,155
tricolore-2-5th-edition,jouer aux cartes,,,verb,,hobby,155
tricolore-2-5th-edition,jouer aux jeux vidéo,,,verb,,hobby,155
tricolore-2-5th-edition,jouer aux échecs,,,verb,,hobby,155
tricolore-2-5th-edition,jouer à l'ordinateur,,,verb,,communication,155
tricolore-2-5th-edition,lapin (m),,,noun,,none,155
tricolore-2-5th-edition,lit (m),,,noun,,home,155
tricolore-2-5th-edition,loin de,,,phrase,,none,155
tricolore-2-5th-edition,marché (m),,,noun,,shopping,155
tricolore-2-5th-edition,mosquée (f),,,noun,,city-places,155
tricolore-2-5th-edition,musique,la,,noun,,none,155
tricolore-2-5th-edition,musée (m),,,noun,,city-places,155
tricolore-2-5th-edition,mère (f),,,noun,,family,155
tricolore-2-5th-edition,nord,le,,noun,,travel,155
tricolore-2-5th-edition,nourriture,la,,noun,,food,155
tricolore-2-5th-edition,office de tourisme (m),,,noun,,travel,155
tricolore-2-5th-edition,oiseau (m),,,noun,,none,155
tricolore-2-5th-edition,omelette (f),,,noun,,food,155
tricolore-2-5th-edition,oncle (m),,,noun,,family,155
tricolore-2-5th-edition,ouest,l',,noun,,travel,155
tricolore-2-5th-edition,parc (m),,,noun,,city-places,155
tricolore-2-5th-edition,parking (m),,,noun,,city-places,155
tricolore-2-5th-edition,patinoire (f),,,noun,,city-places,155
tricolore-2-5th-edition,perroquet (m),,,noun,,none,155
tricolore-2-5th-edition,perruche (f),,,noun,,none,155
tricolore-2-5th-edition,peu,un,,noun,,none,155
tricolore-2-5th-edition,piano (m),,,noun,,hobby,155
tricolore-2-5th-edition,piscine (f),,,noun,,city-places,155
tricolore-2-5th-edition,pizza (f),,,noun,,food,155
tricolore-2-5th-edition,place (f),,,noun,,city-places,155
tricolore-2-5th-edition,planche à voile (f),,,noun,,hobby,155
tricolore-2-5th-edition,points cardinaux,les,,noun,,none,155
tricolore-2-5th-edition,poisson (m),,,noun,,food,155
tricolore-2-5th-edition,poisson rouge (m),,,noun,,none,155
tricolore-2-5th-edition,portable (m),,,noun,,none,155
tricolore-2-5th-edition,porte (f),,,noun,,home,155
tricolore-2-5th-edition,poste (f),,,noun,,city-places,155
tricolore-2-5th-edition,potage (m),,,noun,,food,155
tricolore-2-5th-edition,poulet (m),,,noun,,food,155
tricolore-2-5th-edition,printemps (m),au,,phrase,,time-dates,155
tricolore-2-5th-edition,près d'ici,,,phrase,,none,155
tricolore-2-5th-edition,près de,,,phrase,,none,155
tricolore-2-5th-edition,pâté (m),,,noun,,food,155
tricolore-2-5th-edition,père (m),,,noun,,family,155
tricolore-2-5th-edition,Quelle direction?,,,phrase,,travel,155
tricolore-2-5th-edition,restaurant (m),,,noun,,restaurant,155
tricolore-2-5th-edition,roller (m),,,noun,,hobby,155
tricolore-2-5th-edition,rue (principale) (f),,,noun,,city-places,155
tricolore-2-5th-edition,rugby (m),,,noun,,hobby,155
tricolore-2-5th-edition,réfrigérateur (m),,,noun,,home,155
tricolore-2-5th-edition,saisons (f pl),les,,noun,,time-dates,155
tricolore-2-5th-edition,salle de bains (f),,,noun,,home,155
tricolore-2-5th-edition,salle à manger (f),,,noun,,home,155
tricolore-2-5th-edition,salon (m),,,noun,,home,155
tricolore-2-5th-edition,sauvegarder,,,verb,,none,155
tricolore-2-5th-edition,serpent (m),,,noun,,none,155
tricolore-2-5th-edition,site web (m),,,noun,,communication,155
tricolore-2-5th-edition,skate (m),,,noun,,none,155
tricolore-2-5th-edition,ski (m),,,noun,,hobby,155
tricolore-2-5th-edition,soirée (f),,,noun,,hobby,155
tricolore-2-5th-edition,souris (f),,,noun,,communication,155
tricolore-2-5th-edition,sports (m pl),les,,noun,,hobby,155
tricolore-2-5th-edition,stade (m),,,noun,,city-places,155
tricolore-2-5th-edition,sud,le,,noun,,travel,155
tricolore-2-5th-edition,surfer sur Internet,,,verb,,communication,155
tricolore-2-5th-edition,surligner,,,verb,,none,155
tricolore-2-5th-edition,synagogue (f),,,noun,,city-places,155
tricolore-2-5th-edition,sœur (f),,,noun,,family,155
tricolore-2-5th-edition,tablette (f),,,noun,,none,155
tricolore-2-5th-edition,tante (f),,,noun,,family,155
tricolore-2-5th-edition,taper,,,verb,,none,155
tricolore-2-5th-edition,tarentule (f),,,noun,,none,155
tricolore-2-5th-edition,temple (m),,,noun,,city-places,155
tricolore-2-5th-edition,temps,le,,noun,,weather,155
tricolore-2-5th-edition,tennis (m),,,noun,,hobby,155
tricolore-2-5th-edition,touche (f),,,noun,,none,155
tricolore-2-5th-edition,tout droit,,,phrase,,none,155
tricolore-2-5th-edition,tout près,,,phrase,,none,155
tricolore-2-5th-edition,très,,,adverb,,none,155
tricolore-2-5th-edition,viande (f),,,noun,,food,155
tricolore-2-5th-edition,violon (m),,,noun,,hobby,155
tricolore-2-5th-edition,visualiser,,,verb,,none,155
tricolore-2-5th-edition,voile (f),,,noun,,hobby,155
tricolore-2-5th-edition,VTT (vélo tout terrain) (m),,,noun,,vacation,155
tricolore-2-5th-edition,à droite,,,phrase,,none,155
tricolore-2-5th-edition,à gauche,,,phrase,,none,155
tricolore-2-5th-edition,à la maison,,,phrase,,none,155
tricolore-2-5th-edition,à mon avis,,,phrase,,none,155
tricolore-2-5th-edition,À quelle distance?,,,phrase,,none,155
tricolore-2-5th-edition,à … kilomètres de,,,phrase,,travel,155
tricolore-2-5th-edition,à … milles de,,,phrase,,travel,155
tricolore-2-5th-edition,école (f),,,noun,,school,155
tricolore-2-5th-edition,église (f),,,noun,,city-places,155
tricolore-2-5th-edition,équitation (f),,,noun,,none,155
tricolore-2-5th-edition,(bleu) clair (inv),,,adjective,,none,156
tricolore-2-5th-edition,(vert) foncé (inv),,,adjective,,none,156
tricolore-2-5th-edition,août,,,noun,,time-dates,156
tricolore-2-5th-edition,aujourd'hui,,,adverb,,time-dates,156
tricolore-2-5th-edition,aussi,,,adverb,,none,156
tricolore-2-5th-edition,avenir,l',,noun,,time-dates,156
tricolore-2-5th-edition,avril,,,noun,,time-dates,156
tricolore-2-5th-edition,banane (f),,,noun,,food,156
tricolore-2-5th-edition,beurre (m),,,noun,,food,156
tricolore-2-5th-edition,bientôt,,,adverb,,time-dates,156
tricolore-2-5th-edition,blanc (blanche),,,adjective,,none,156
tricolore-2-5th-edition,bleu,,,adjective,,none,156
tricolore-2-5th-edition,blond,,,adjective,,none,156
tricolore-2-5th-edition,boissons chaudes (f pl),des,,noun,,food,156
tricolore-2-5th-edition,boissons froides (f pl),des,,noun,,food,156
tricolore-2-5th-edition,Bon anniversaire,,,phrase,,none,156
tricolore-2-5th-edition,Bonne année,,,phrase,,time-dates,156
tricolore-2-5th-edition,Bonne fête,,,phrase,,time-dates,156
tricolore-2-5th-edition,brun,,,adjective,,none,156
tricolore-2-5th-edition,café (m),,,noun,,restaurant,156
tricolore-2-5th-edition,carottes (f pl),,,noun,,food,156
tricolore-2-5th-edition,ce matin,,,phrase,,time-dates,156
tricolore-2-5th-edition,ce soir,,,phrase,,time-dates,156
tricolore-2-5th-edition,cent,,,other,,none,156
tricolore-2-5th-edition,cet après-midi,,,phrase,,time-dates,156
tricolore-2-5th-edition,champignon (m),,,noun,,food,156
tricolore-2-5th-edition,chocolat chaud (m),,,noun,,food,156
tricolore-2-5th-edition,chou (m),,,noun,,food,156
tricolore-2-5th-edition,chou-fleur (m),,,noun,,food,156
tricolore-2-5th-edition,châtain,,,adjective,,none,156
tricolore-2-5th-edition,cinq,,,other,,none,156
tricolore-2-5th-edition,cinquante,,,other,,none,156
tricolore-2-5th-edition,cinquante-et-un,,,other,,none,156
tricolore-2-5th-edition,cinquième,,,other,,none,156
tricolore-2-5th-edition,citron (m),,,noun,,food,156
tricolore-2-5th-edition,coca (m),,,noun,,food,156
tricolore-2-5th-edition,confiture (f),,,noun,,food,156
tricolore-2-5th-edition,confiture d'oranges (f),,,noun,,food,156
tricolore-2-5th-edition,conjonctions,des,,noun,,none,156
tricolore-2-5th-edition,couleurs (f pl),les,,noun,,none,156
tricolore-2-5th-edition,croissants (m pl),,,noun,,food,156
tricolore-2-5th-edition,céréales (f pl),,,noun,,food,156
tricolore-2-5th-edition,d'abord,,,adverb,,none,156
tricolore-2-5th-edition,dans l'ordre,,,phrase,,none,156
tricolore-2-5th-edition,demain,,,adverb,,time-dates,156
tricolore-2-5th-edition,desserts (m pl),des,,noun,,food,156
tricolore-2-5th-edition,deux,,,other,,none,156
tricolore-2-5th-edition,deux-cent-cinquante,,,other,,none,156
tricolore-2-5th-edition,deux-cents,,,other,,none,156
tricolore-2-5th-edition,deuxième,,,other,,none,156
tricolore-2-5th-edition,dimanche,,,noun,,time-dates,156
tricolore-2-5th-edition,dimanche dernier,,,phrase,,time-dates,156
tricolore-2-5th-edition,dix,,,other,,none,156
tricolore-2-5th-edition,dix-huit,,,other,,none,156
tricolore-2-5th-edition,dix-neuf,,,other,,none,156
tricolore-2-5th-edition,dix-sept,,,other,,none,156
tricolore-2-5th-edition,donc,,,other,,none,156
tricolore-2-5th-edition,douze,,,other,,none,156
tricolore-2-5th-edition,décembre,,,noun,,time-dates,156
tricolore-2-5th-edition,eau (f),,,noun,,food,156
tricolore-2-5th-edition,eau minérale (f),,,noun,,food,156
tricolore-2-5th-edition,en ce moment,,,phrase,,none,156
tricolore-2-5th-edition,ensuite,,,adverb,,time-dates,156
tricolore-2-5th-edition,et,,,other,,none,156
tricolore-2-5th-edition,et demie,,,phrase,,time-dates,156
tricolore-2-5th-edition,et quart,,,phrase,,time-dates,156
tricolore-2-5th-edition,fraise (f),,,noun,,food,156
tricolore-2-5th-edition,frites (f pl),,,noun,,food,156
tricolore-2-5th-edition,fruits (m pl),des,,noun,,food,156
tricolore-2-5th-edition,février,,,noun,,time-dates,156
tricolore-2-5th-edition,fête du 14 juillet / la fête nationale,la,,noun,,time-dates,156
tricolore-2-5th-edition,fêtes et les vœux,les,,noun,,none,156
tricolore-2-5th-edition,gris,,,adjective,,none,156
tricolore-2-5th-edition,gâteau (m),,,noun,,food,156
tricolore-2-5th-edition,haricots verts (m pl),,,noun,,none,156
tricolore-2-5th-edition,heure (f),l',,noun,Il est une heure/deux heures/trois heures …,time-dates,156
tricolore-2-5th-edition,hier,,,adverb,,time-dates,156
tricolore-2-5th-edition,hier matin/après-midi,,,phrase,,time-dates,156
tricolore-2-5th-edition,hier soir,,,phrase,,none,156
tricolore-2-5th-edition,huit,,,other,,none,156
tricolore-2-5th-edition,Il est midi et demi.,,,phrase,,time-dates,156
tricolore-2-5th-edition,Il est minuit et demi.,,,phrase,,time-dates,156
tricolore-2-5th-edition,janvier,,,noun,,time-dates,156
tricolore-2-5th-edition,jaune,,,adjective,,none,156
tricolore-2-5th-edition,jeudi,,,noun,,time-dates,156
tricolore-2-5th-edition,jour de l'An,le,,noun,,time-dates,156
tricolore-2-5th-edition,jours de la semaine,les,,noun,,time-dates,156
tricolore-2-5th-edition,Joyeuses Pâques,,,phrase,,none,156
tricolore-2-5th-edition,Joyeux Noël,,,phrase,,none,156
tricolore-2-5th-edition,juillet,,,noun,,time-dates,156
tricolore-2-5th-edition,juin,,,noun,,time-dates,156
tricolore-2-5th-edition,jus de fruit (m),,,noun,,food,156
tricolore-2-5th-edition,kiwi (m),,,noun,,food,156
tricolore-2-5th-edition,lait (m),,,noun,,food,156
tricolore-2-5th-edition,limonade (f),,,noun,,food,156
tricolore-2-5th-edition,lundi,,,noun,,time-dates,156
tricolore-2-5th-edition,lundi prochain,,,phrase,,time-dates,156
tricolore-2-5th-edition,légumes (m pl),des,,noun,,food,156
tricolore-2-5th-edition,mai,,,noun,,time-dates,156
tricolore-2-5th-edition,maintenant,,,adverb,,time-dates,156
tricolore-2-5th-edition,mais,,,other,,none,156
tricolore-2-5th-edition,mardi,,,noun,,time-dates,156
tricolore-2-5th-edition,Mardi gras,,,phrase,,time-dates,156
tricolore-2-5th-edition,marron (inv),,,adjective,,none,156
tricolore-2-5th-edition,mars,,,noun,,time-dates,156
tricolore-2-5th-edition,melon (m),,,noun,,food,156
tricolore-2-5th-edition,mercredi,,,noun,,time-dates,156
tricolore-2-5th-edition,mille,,,other,,none,156
tricolore-2-5th-edition,moins cinq,,,phrase,,time-dates,156
tricolore-2-5th-edition,moins dix,,,phrase,,time-dates,156
tricolore-2-5th-edition,moins le quart,,,phrase,,time-dates,156
tricolore-2-5th-edition,moins vingt,,,phrase,,time-dates,156
tricolore-2-5th-edition,moins vingt-cinq,,,phrase,,time-dates,156
tricolore-2-5th-edition,mois de l'année,les,,noun,,time-dates,156
tricolore-2-5th-edition,neuf,,,other,,none,156
tricolore-2-5th-edition,noir,,,adjective,,none,156
tricolore-2-5th-edition,nombres (m pl),les,,noun,,none,156
tricolore-2-5th-edition,novembre,,,noun,,time-dates,156
tricolore-2-5th-edition,Noël,,,noun,,none,156
tricolore-2-5th-edition,octobre,,,noun,,time-dates,156
tricolore-2-5th-edition,onze,,,other,,none,156
tricolore-2-5th-edition,orange (f),,,noun,,food,156
tricolore-2-5th-edition,orange (inv),,,adjective,,food,156
tricolore-2-5th-edition,ou,,,other,,none,156
tricolore-2-5th-edition,pain (m),,,noun,,health,156
tricolore-2-5th-edition,passé,le,,noun,,time-dates,156
tricolore-2-5th-edition,petit déjeuner,le,,noun,,food,156
tricolore-2-5th-edition,petits pois (m pl),,,noun,,food,156
tricolore-2-5th-edition,plus tard,,,phrase,,time-dates,156
tricolore-2-5th-edition,poire (f),,,noun,,food,156
tricolore-2-5th-edition,pomme (f),,,noun,,food,156
tricolore-2-5th-edition,pommes de terre (f pl),,,noun,,food,156
tricolore-2-5th-edition,premier (première),,,other,,none,156
tricolore-2-5th-edition,présent,le,,noun,,shopping,156
tricolore-2-5th-edition,puis,,,other,,none,156
tricolore-2-5th-edition,Pâques,,,noun,,none,156
tricolore-2-5th-edition,pêche (f),,,noun,,food,156
tricolore-2-5th-edition,quarante,,,other,,none,156
tricolore-2-5th-edition,quarante-et-un,,,other,,none,156
tricolore-2-5th-edition,quatorze,,,other,,none,156
tricolore-2-5th-edition,quatre,,,other,,none,156
tricolore-2-5th-edition,quatre-vingt-deux,,,other,,none,156
tricolore-2-5th-edition,quatre-vingt-dix,,,other,,none,156
tricolore-2-5th-edition,quatre-vingt-onze,,,other,,none,156
tricolore-2-5th-edition,quatre-vingt-un,,,other,,none,156
tricolore-2-5th-edition,quatre-vingts,,,other,,none,156
tricolore-2-5th-edition,quatrième,,,other,,none,156
tricolore-2-5th-edition,Quelle heure est-il?,,,phrase,,time-dates,156
tricolore-2-5th-edition,quinze,,,other,,none,156
tricolore-2-5th-edition,raisin (m),,,noun,,food,156
tricolore-2-5th-edition,rose,,,adjective,,none,156
tricolore-2-5th-edition,rouge,,,adjective,,none,156
tricolore-2-5th-edition,roux,,,adjective,,none,156
tricolore-2-5th-edition,salade (f),,,noun,,food,156
tricolore-2-5th-edition,samedi,,,noun,,time-dates,156
tricolore-2-5th-edition,samedi matin,,,phrase,,time-dates,156
tricolore-2-5th-edition,seize,,,other,,none,156
tricolore-2-5th-edition,semaine dernière,la,,noun,,time-dates,156
tricolore-2-5th-edition,semaine prochaine,la,,noun,,time-dates,156
tricolore-2-5th-edition,sept,,,other,,none,156
tricolore-2-5th-edition,septembre,,,noun,,time-dates,156
tricolore-2-5th-edition,si,,,other,,none,156
tricolore-2-5th-edition,six,,,other,,none,156
tricolore-2-5th-edition,soixante,,,other,,none,156
tricolore-2-5th-edition,soixante-dix,,,other,,none,156
tricolore-2-5th-edition,soixante-douze,,,other,,none,156
tricolore-2-5th-edition,soixante-et-onze,,,other,,none,156
tricolore-2-5th-edition,soixante-et-un,,,other,,none,156
tricolore-2-5th-edition,sucre (m),,,noun,,food,156
tricolore-2-5th-edition,tarte aux pommes (f),,,noun,,food,156
tricolore-2-5th-edition,thé (m),,,noun,,food,156
tricolore-2-5th-edition,toasts (m pl),,,noun,,food,156
tricolore-2-5th-edition,tomate (f),,,noun,,food,156
tricolore-2-5th-edition,treize,,,other,,none,156
tricolore-2-5th-edition,trente,,,other,,none,156
tricolore-2-5th-edition,trente-et-un,,,other,,none,156
tricolore-2-5th-edition,trois,,,other,,none,156
tricolore-2-5th-edition,troisième,,,other,,none,156
tricolore-2-5th-edition,turquoise,,,adjective,,none,156
tricolore-2-5th-edition,un,,,other,,none,156
tricolore-2-5th-edition,vendredi,,,noun,,time-dates,156
tricolore-2-5th-edition,vert,,,adjective,,none,156
tricolore-2-5th-edition,vin (m),,,noun,,food,156
tricolore-2-5th-edition,vingt,,,other,,none,156
tricolore-2-5th-edition,vingt-deux,,,other,,none,156
tricolore-2-5th-edition,vingt-et-un,,,other,,none,156
tricolore-2-5th-edition,vingt-et-unième,,,other,,none,156
tricolore-2-5th-edition,vingt-trois,,,other,,none,156
tricolore-2-5th-edition,vingtième,,,other,,none,156
tricolore-2-5th-edition,weekend dernier,le,,noun,,none,156
tricolore-2-5th-edition,yaourt (m),,,noun,,food,156
tricolore-2-5th-edition,zéro,,,other,,none,156
tricolore-2-5th-edition,œuf (m),,,noun,,food,156
tricolore-2-5th-edition,œufs au bacon (m pl),,,noun,,food,156
tricolore-2-5th-edition,@ + (À plus tard),,,phrase,,communication,166
tricolore-2-5th-edition,abbaye (f),l',,noun,,none,166
tricolore-2-5th-edition,abolir,,,verb,,none,166
tricolore-2-5th-edition,abonné(e),un(e),,noun,,none,166
tricolore-2-5th-edition,abord,d',,phrase,,none,166
tricolore-2-5th-edition,abricot,un,,noun,,none,166
tricolore-2-5th-edition,abriter,,,verb,,none,166
tricolore-2-5th-edition,absolument,,,adverb,,none,166
tricolore-2-5th-edition,accepter,,,verb,,none,166
tricolore-2-5th-edition,accessoire,un,,noun,,none,166
tricolore-2-5th-edition,accord,d',,phrase,,none,166
tricolore-2-5th-edition,accès (m),l',,noun,,none,166
tricolore-2-5th-edition,acheter,,,verb,,shopping,166
tricolore-2-5th-edition,activité,une,,noun,,none,166
tricolore-2-5th-edition,addition (f),l',,noun,,restaurant,166
tricolore-2-5th-edition,adorer,,,verb,,none,166
tricolore-2-5th-edition,adresse,une,,noun,,personal-info,166
tricolore-2-5th-edition,adresse e-mail,une,,noun,,communication,166
tricolore-2-5th-edition,adulte,un(e),,noun,,family,166
tricolore-2-5th-edition,affaires (f pl),les,,noun,,none,166
tricolore-2-5th-edition,affiche,une,,noun,,none,166
tricolore-2-5th-edition,affronter,,,verb,,none,166
tricolore-2-5th-edition,Afrique (f),l',,noun,,none,166
tricolore-2-5th-edition,agréable,,,adjective,,none,166
tricolore-2-5th-edition,ai,j',,verb,,none,166
tricolore-2-5th-edition,aider,,,verb,,none,166
tricolore-2-5th-edition,aile,une,,noun,,none,166
tricolore-2-5th-edition,aimer,,,verb,,none,166
tricolore-2-5th-edition,aire de jeu,un,,noun,,none,166
tricolore-2-5th-edition,ajouter,,,verb,,none,166
tricolore-2-5th-edition,alcoolisé,,,adjective,,none,166
tricolore-2-5th-edition,Allemagne (f),l',,noun,,none,166
tricolore-2-5th-edition,allemand,,,adjective,,none,166
tricolore-2-5th-edition,aller,,,verb,,none,166
tricolore-2-5th-edition,aller simple,un,,noun,,travel,166
tricolore-2-5th-edition,aller à la pêche,,,verb,,none,166
tricolore-2-5th-edition,aller-retour,un,,noun,,travel,166
tricolore-2-5th-edition,allergique,,,adjective,,health,166
tricolore-2-5th-edition,allonger,s',,verb,,none,166
tricolore-2-5th-edition,allons-y,,,phrase,,none,166
tricolore-2-5th-edition,alors,,,adverb,,none,166
tricolore-2-5th-edition,alouette,une,,noun,,none,166
tricolore-2-5th-edition,Alpes (f pl),les,,noun,,none,166
tricolore-2-5th-edition,amande,une,,noun,,none,166
tricolore-2-5th-edition,amener,,,verb,,none,166
tricolore-2-5th-edition,ami(e),un(e),,noun,,family,166
tricolore-2-5th-edition,amical,,,adjective,,none,166
tricolore-2-5th-edition,amitiés (at end of letter),,,noun,,communication,166
tricolore-2-5th-edition,amusant,,,adjective,,none,166
tricolore-2-5th-edition,amuser,s',,verb,,time-dates,166
tricolore-2-5th-edition,américain,,,adjective,,none,166
tricolore-2-5th-edition,Amérique (f) du Nord/du Sud,l',,noun,,travel,166
tricolore-2-5th-edition,ananas,un,,noun,,none,166
tricolore-2-5th-edition,anglais,,,adjective,,none,166
tricolore-2-5th-edition,Angleterre (f),l',,noun,,none,166
tricolore-2-5th-edition,animal (pl animaux),un,animaux,noun,,none,166
tricolore-2-5th-edition,anneau (pl anneaux),un,anneaux,noun,,none,166
tricolore-2-5th-edition,anniversaire,un,,noun,,none,166
tricolore-2-5th-edition,année,une,,noun,,time-dates,166
tricolore-2-5th-edition,Antarctique (m),l',,noun,,none,166
tricolore-2-5th-edition,août,,,noun,,time-dates,166
tricolore-2-5th-edition,appareil,à l',,phrase,,communication,166
tricolore-2-5th-edition,appareil photo,un,,noun,,hobby,166
tricolore-2-5th-edition,appartement,un,,noun,,home,166
tricolore-2-5th-edition,appeler,,,verb,,none,166
tricolore-2-5th-edition,appeler,s',,verb,,none,166
tricolore-2-5th-edition,apporter,,,verb,,none,166
tricolore-2-5th-edition,apprendre,,,verb,,none,166
tricolore-2-5th-edition,approcher de,s',,verb,,none,166
tricolore-2-5th-edition,après,,,preposition,,none,166
tricolore-2-5th-edition,après-demain,,,adverb,,time-dates,166
tricolore-2-5th-edition,après-midi,un,,noun,,time-dates,166
tricolore-2-5th-edition,aquarium,un,,noun,,none,166
tricolore-2-5th-edition,arabe,,,adjective,,none,166
tricolore-2-5th-edition,arbitre,un,,noun,,profession,166
tricolore-2-5th-edition,arbre,un,,noun,,none,166
tricolore-2-5th-edition,argent (m),l',,noun,,shopping,166
tricolore-2-5th-edition,armoire,une,,noun,,home,166
tricolore-2-5th-edition,arobase,un,,noun,,none,166
tricolore-2-5th-edition,arriver,,,verb,,none,166
tricolore-2-5th-edition,arrivée (f),l',,noun,,travel,166
tricolore-2-5th-edition,arrêt (d'autobus),un,,noun,,none,166
tricolore-2-5th-edition,arrêter,s',,verb,,none,166
tricolore-2-5th-edition,art (m),l',,noun,,none,166
tricolore-2-5th-edition,article,un,,noun,,none,166
tricolore-2-5th-edition,arène,une,,noun,,none,166
tricolore-2-5th-edition,ascenseur,un,,noun,,none,166
tricolore-2-5th-edition,Asie (f),l',,noun,,none,166
tricolore-2-5th-edition,asperges (f pl),des,,noun,,none,166
tricolore-2-5th-edition,aspirateur,un,,noun,,none,166
tricolore-2-5th-edition,aspirine (f),l',,noun,,health,166
tricolore-2-5th-edition,asseoir,s',,verb,,none,166
tricolore-2-5th-edition,assez,,,adverb,,none,166
tricolore-2-5th-edition,assiette,une,,noun,,none,166
tricolore-2-5th-edition,assiette de charcuterie,,,phrase,,weather,166
tricolore-2-5th-edition,assis,,,adjective,,none,166
tricolore-2-5th-edition,assuré,,,adjective,,none,166
tricolore-2-5th-edition,asthmatique,,,adjective,,health,166
tricolore-2-5th-edition,astronaute,un(e),,noun,,profession,166
tricolore-2-5th-edition,athlétisme (m),l',,noun,,hobby,166
tricolore-2-5th-edition,atroce,,,adjective,,none,166
tricolore-2-5th-edition,attendre,,,verb,,none,166
tricolore-2-5th-edition,atterrir,,,verb,,none,166
tricolore-2-5th-edition,attraper,,,verb,,none,166
tricolore-2-5th-edition,au revoir,,,phrase,,communication,166
tricolore-2-5th-edition,aujourd'hui,,,adverb,,time-dates,166
tricolore-2-5th-edition,aussi,,,adverb,,none,166
tricolore-2-5th-edition,Australie (f),l',,noun,,none,166
tricolore-2-5th-edition,auteur,un,,noun,,profession,166
tricolore-2-5th-edition,automne (m),l',,noun,,time-dates,166
tricolore-2-5th-edition,autoroute,une,,noun,,travel,166
tricolore-2-5th-edition,autre,,,adjective,,none,166
tricolore-2-5th-edition,autrement,,,adverb,,none,166
tricolore-2-5th-edition,Autriche (f),l',,noun,,none,166
tricolore-2-5th-edition,avance,en,,phrase,,none,166
tricolore-2-5th-edition,avant,,,preposition,,none,166
tricolore-2-5th-edition,avant-hier,,,adverb,,time-dates,166
tricolore-2-5th-edition,avantage,un,,noun,,none,166
tricolore-2-5th-edition,avec,,,preposition,,none,166
tricolore-2-5th-edition,avenir (m),l',,noun,,time-dates,166
tricolore-2-5th-edition,aventure,une,,noun,,none,166
tricolore-2-5th-edition,avez-vous ...?,,,phrase,,none,166
tricolore-2-5th-edition,avion,un,,noun,,travel,166
tricolore-2-5th-edition,avis,un,,noun,,none,166
tricolore-2-5th-edition,avoir,,,verb,,none,166
tricolore-2-5th-edition,avril,,,noun,,time-dates,166
tricolore-2-5th-edition,aéroport,un,,noun,,travel,166
tricolore-2-5th-edition,aîné,,,adjective,,none,166
tricolore-2-5th-edition,bac(calauréat),le,,noun,,school,166
tricolore-2-5th-edition,badminton,le,,noun,,none,166
tricolore-2-5th-edition,bagages (m pl),les,,noun,,travel,166
tricolore-2-5th-edition,bagages à main,,,phrase,,health,166
tricolore-2-5th-edition,baguette,une,,noun,,none,166
tricolore-2-5th-edition,baigner,se,,verb,,hobby,166
tricolore-2-5th-edition,baisser,,,verb,,none,166
tricolore-2-5th-edition,bal,un,,noun,,none,166
tricolore-2-5th-edition,balade,une,,noun,,none,166
tricolore-2-5th-edition,baleine,une,,noun,,none,166
tricolore-2-5th-edition,balle,une,,noun,,none,166
tricolore-2-5th-edition,ballon,un,,noun,,none,166
tricolore-2-5th-edition,banane,une,,noun,,food,166
tricolore-2-5th-edition,banc,un,,noun,,none,166
tricolore-2-5th-edition,bande dessinée (BD),une,,noun,,hobby,166
tricolore-2-5th-edition,banque,une,,noun,,city-places,166
tricolore-2-5th-edition,barbe à papa,la,,noun,,none,166
tricolore-2-5th-edition,barquette,une,,noun,,food,166
tricolore-2-5th-edition,bas (basse),,,adjective,,none,166
tricolore-2-5th-edition,basket,le,,noun,,none,166
tricolore-2-5th-edition,baskets (f pl),les,,noun,,shopping,166
tricolore-2-5th-edition,bassin,un,,noun,,none,166
tricolore-2-5th-edition,bataille,une,,noun,,none,166
tricolore-2-5th-edition,bateau,un,,noun,,travel,166
tricolore-2-5th-edition,BD (bande dessinée),une,,noun,,hobby,166
tricolore-2-5th-edition,"beau (bel, belle, beaux, belles)",,,adjective,,none,166
tricolore-2-5th-edition,beau-frère,un,,noun,,family,166
tricolore-2-5th-edition,beau-père,un,,noun,,family,166
tricolore-2-5th-edition,beaucoup,,,adverb,,none,166
tricolore-2-5th-edition,beaucoup de ...,,,phrase,,none,166
tricolore-2-5th-edition,bec,le,,noun,,none,166
tricolore-2-5th-edition,belge,,,adjective,,none,166
tricolore-2-5th-edition,Belgique,la,,noun,,none,166
tricolore-2-5th-edition,belle-mère,une,,noun,,family,166
tricolore-2-5th-edition,belle-sœur,une,,noun,,family,166
tricolore-2-5th-edition,berger,un,,noun,,profession,166
tricolore-2-5th-edition,beurk!,,,phrase,,none,166
tricolore-2-5th-edition,beurre,le,,noun,,food,166
tricolore-2-5th-edition,bibliothèque,la,,noun,,city-places,166
tricolore-2-5th-edition,bien,,,adverb,,none,166
tricolore-2-5th-edition,bien sûr,,,phrase,,none,166
tricolore-2-5th-edition,bientôt,,,adverb,,time-dates,166
tricolore-2-5th-edition,bille,une,,noun,,none,166
tricolore-2-5th-edition,billet,un,,noun,,travel,166
tricolore-2-5th-edition,biologie,la,,noun,,school,166
tricolore-2-5th-edition,biscuit,un,,noun,,food,166
tricolore-2-5th-edition,bière,une,,noun,,none,166
tricolore-2-5th-edition,blanc (blanche),,,adjective,,none,166
tricolore-2-5th-edition,blessé,,,adjective,,health,166
tricolore-2-5th-edition,bleu,,,adjective,,none,166
tricolore-2-5th-edition,bleu marine (inv. does not change form),,,phrase,,none,166
tricolore-2-5th-edition,blog (m),un,,noun,,communication,166
tricolore-2-5th-edition,boire,,,verb,,food,166
tricolore-2-5th-edition,boisson,une,,noun,,food,166
tricolore-2-5th-edition,bol,un,,noun,,none,166
tricolore-2-5th-edition,bon (bonne),,,adjective,,none,166
tricolore-2-5th-edition,bon appétit,,,phrase,,food,166
tricolore-2-5th-edition,bon appétit!,,,phrase,,food,166
tricolore-2-5th-edition,bon voyage,,,phrase,,travel,166
tricolore-2-5th-edition,bonbon,un,,noun,,food,166
tricolore-2-5th-edition,bondir,,,verb,,none,166
tricolore-2-5th-edition,bonhomme de neige,un,,noun,,none,166
tricolore-2-5th-edition,bonjour,,,phrase,,communication,166
tricolore-2-5th-edition,bonne heure,de,,phrase,,none,166
tricolore-2-5th-edition,bord,à,,phrase,,none,166
tricolore-2-5th-edition,bord de la mer,au,,phrase,,vacation,166
tricolore-2-5th-edition,bottes (f pl),des,,noun,,shopping,166
tricolore-2-5th-edition,bouche,la,,noun,,health,166
tricolore-2-5th-edition,boucherie,une,,noun,,profession,166
tricolore-2-5th-edition,boue,la,,noun,,none,166
tricolore-2-5th-edition,bouger,,,verb,,none,166
tricolore-2-5th-edition,bouillabaisse,la,,noun,,food,166
tricolore-2-5th-edition,boulanger (boulangère),un(e),,noun,,profession,166
tricolore-2-5th-edition,boulangerie,une,,noun,,profession,166
tricolore-2-5th-edition,boule de glace,une,,noun,,none,166
tricolore-2-5th-edition,boum,une,,noun,,hobby,166
tricolore-2-5th-edition,bouteille,une,,noun,,none,166
tricolore-2-5th-edition,bouton,un,,noun,,none,166
tricolore-2-5th-edition,boîte,une,,noun,,hobby,166
tricolore-2-5th-edition,branche,une,,noun,,none,166
tricolore-2-5th-edition,brancher,,,verb,,none,166
tricolore-2-5th-edition,bras,le,,noun,,health,166
tricolore-2-5th-edition,"bras dessus, bras dessous",,,phrase,,health,166
tricolore-2-5th-edition,brique de,une,,noun,,none,166
tricolore-2-5th-edition,brouillard,le,,noun,,weather,166
tricolore-2-5th-edition,brouiller,,,verb,,none,166
tricolore-2-5th-edition,bruit,un,,noun,,none,166
tricolore-2-5th-edition,brun,,,adjective,,none,166
tricolore-2-5th-edition,Bruxelles,,,noun,,none,166
tricolore-2-5th-edition,Brésil,le,,noun,,none,166
tricolore-2-5th-edition,buffet,le,,noun,,none,166
tricolore-2-5th-edition,bulle,une,,noun,,none,166
tricolore-2-5th-edition,bureau,un,,noun,,city-places,166
tricolore-2-5th-edition,but,un,,noun,,none,166
tricolore-2-5th-edition,bâtiment,un,,noun,,none,166
tricolore-2-5th-edition,bâtonnet,un,,noun,,none,166
tricolore-2-5th-edition,bébé,un,,noun,,family,166
tricolore-2-5th-edition,cabane,une,,noun,,none,166
tricolore-2-5th-edition,cacher,,,verb,,none,166
tricolore-2-5th-edition,cadeau,un,,noun,,shopping,166
tricolore-2-5th-edition,café,un,,noun,,restaurant,166
tricolore-2-5th-edition,café crème,un,,noun,,restaurant,166
tricolore-2-5th-edition,cahier,un,,noun,,school,166
tricolore-2-5th-edition,caisse,la,,noun,,shopping,166
tricolore-2-5th-edition,en automne,,,phrase,,time-dates,166
tricolore-2-5th-edition,en bateau,,,phrase,,travel,166
tricolore-2-5th-edition,en bras de chemise,,,phrase,,shopping,166
tricolore-2-5th-edition,j'ai ... ans,,,phrase,,time-dates,166
tricolore-2-5th-edition,je m'appelle ...,,,phrase,,personal-info,166
tricolore-2-5th-edition,le bouton Aide,,,phrase,,communication,166
tricolore-2-5th-edition,marquer un but,,,verb,,none,166
tricolore-2-5th-edition,un bureau de tabac,,,phrase,,none,166
tricolore-2-5th-edition,un bureau des renseignements,,,phrase,,city-places,166
tricolore-2-5th-edition,un match amical,,,phrase,,hobby,166
tricolore-2-5th-edition,une boîte aux lettres,,,phrase,,none,166
tricolore-2-5th-edition,"à (au, à la, à l', aux)",,,preposition,,none,166
tricolore-2-5th-edition,à bientôt,,,phrase,,time-dates,166
tricolore-2-5th-edition,à mon avis,,,phrase,,none,166
tricolore-2-5th-edition,à voix basse,,,phrase,,none,166
tricolore-2-5th-edition,âgé,,,adjective,,none,166
tricolore-2-5th-edition,ça,,,other,,none,166
tricolore-2-5th-edition,ça dépend,,,phrase,,none,166
tricolore-2-5th-edition,ça ne fait rien,,,phrase,,none,166
tricolore-2-5th-edition,ça va?,,,phrase,,none,166
tricolore-2-5th-edition,(bien) équipé,,,adjective,,none,168
tricolore-2-5th-edition,(à) droite,,,phrase,,none,168
tricolore-2-5th-edition,au-dessus de,,,phrase,,none,168
tricolore-2-5th-edition,dessus,,,adverb,,none,168
tricolore-2-5th-edition,destination,une,,noun,,none,168
tricolore-2-5th-edition,deux,,,other,,none,168
tricolore-2-5th-edition,deuxième,,,other,,none,168
tricolore-2-5th-edition,devant,,,preposition,,none,168
tricolore-2-5th-edition,deviner,,,verb,,none,168
tricolore-2-5th-edition,devoir,,,verb,,none,168
tricolore-2-5th-edition,devoirs (m pl),les,,noun,,school,168
tricolore-2-5th-edition,dictionnaire,un,,noun,,school,168
tricolore-2-5th-edition,difficile,,,adjective,,none,168
tricolore-2-5th-edition,différent,,,adjective,,none,168
tricolore-2-5th-edition,dimanche,,,noun,,time-dates,168
tricolore-2-5th-edition,dinde,la,,noun,,food,168
tricolore-2-5th-edition,dinosaure,un,,noun,,none,168
tricolore-2-5th-edition,dire,,,verb,,none,168
tricolore-2-5th-edition,directement,,,adverb,,none,168
tricolore-2-5th-edition,discothèque,une,,noun,,hobby,168
tricolore-2-5th-edition,discussion,une,,noun,,none,168
tricolore-2-5th-edition,discuter,,,verb,,none,168
tricolore-2-5th-edition,disparaître,,,verb,,none,168
tricolore-2-5th-edition,distinguer,,,verb,,none,168
tricolore-2-5th-edition,dix,,,other,,none,168
tricolore-2-5th-edition,doigt,un,,noun,,health,168
tricolore-2-5th-edition,doigt de pied,un,,noun,,health,168
tricolore-2-5th-edition,donc,,,other,,none,168
tricolore-2-5th-edition,donner,,,verb,,none,168
tricolore-2-5th-edition,donnez-moi ...,,,phrase,,none,168
tricolore-2-5th-edition,dont,,,other,,none,168
tricolore-2-5th-edition,dormir,,,verb,,none,168
tricolore-2-5th-edition,dossier,un,,noun,,communication,168
tricolore-2-5th-edition,doucement,,,adverb,,none,168
tricolore-2-5th-edition,drapeau,un,,noun,,none,168
tricolore-2-5th-edition,dur,,,adjective,,none,168
tricolore-2-5th-edition,durer,,,verb,,none,168
tricolore-2-5th-edition,détail,un,,noun,,none,168
tricolore-2-5th-edition,détective,un(e),,noun,,profession,168
tricolore-2-5th-edition,détendre,,,verb,,none,168
tricolore-2-5th-edition,détester,,,verb,,none,168
tricolore-2-5th-edition,dîner,le,,noun,,food,168
tricolore-2-5th-edition,dîner,,,verb,,food,168
tricolore-2-5th-edition,e-mail,un,,noun,,communication,168
tricolore-2-5th-edition,eau (f),l',,noun,,food,168
tricolore-2-5th-edition,effacer,,,verb,,none,168
tricolore-2-5th-edition,effet de serre (m),l',,noun,,none,168
tricolore-2-5th-edition,effet optique,un,,noun,,none,168
tricolore-2-5th-edition,effrayant,,,adjective,,none,168
tricolore-2-5th-edition,emploi du temps,un,,noun,,school,168
tricolore-2-5th-edition,en,,,preposition,,none,168
tricolore-2-5th-edition,en Europe,,,phrase,,none,168
tricolore-2-5th-edition,en ville,,,phrase,,city-places,168
tricolore-2-5th-edition,en été,,,phrase,,time-dates,168
tricolore-2-5th-edition,encore,,,adverb,,none,168
tricolore-2-5th-edition,endormir,s',,verb,,none,168
tricolore-2-5th-edition,enfant,un(e),,noun,,family,168
tricolore-2-5th-edition,enlever,,,verb,,none,168
tricolore-2-5th-edition,ennemi(e),un(e),,noun,,none,168
tricolore-2-5th-edition,ennuyer,s',,verb,,none,168
tricolore-2-5th-edition,ennuyeux (ennuyeuse),,,adjective,,none,168
tricolore-2-5th-edition,enrouler,,,verb,,weather,168
tricolore-2-5th-edition,ensemble,,,adverb,,none,168
tricolore-2-5th-edition,ensuite,,,adverb,,time-dates,168
tricolore-2-5th-edition,entendre,,,verb,,none,168
tricolore-2-5th-edition,entier (entière),,,adjective,,none,168
tricolore-2-5th-edition,entraînement (m),l',,noun,,none,168
tricolore-2-5th-edition,entre,,,preposition,,none,168
tricolore-2-5th-edition,entrer,,,verb,,none,168
tricolore-2-5th-edition,entrée (f),une,,noun,,travel,168
tricolore-2-5th-edition,environ,,,adverb,,none,168
tricolore-2-5th-edition,envoyer,,,verb,,none,168
tricolore-2-5th-edition,EPS (éducation physique et sportive) (f),l',,noun,,none,168
tricolore-2-5th-edition,erreur,une,,noun,,none,168
tricolore-2-5th-edition,escalier,un,,noun,,home,168
tricolore-2-5th-edition,escargots (m pl),des,,noun,,food,168
tricolore-2-5th-edition,espace (m),l',,noun,,none,168
tricolore-2-5th-edition,Espagne (f),l',,noun,,none,168
tricolore-2-5th-edition,espagnol,,,adjective,,none,168
tricolore-2-5th-edition,essai,un,,noun,,none,168
tricolore-2-5th-edition,essayer,,,verb,,none,168
tricolore-2-5th-edition,essentiel (essentielle),,,adjective,,none,168
tricolore-2-5th-edition,est,il/elle,,verb,,none,168
tricolore-2-5th-edition,est (m),l',,noun,,travel,168
tricolore-2-5th-edition,est-ce qu'il y a ...?,,,phrase,,none,168
tricolore-2-5th-edition,est-ce que ...?,,,phrase,,none,168
tricolore-2-5th-edition,estragon,à l',,phrase,,none,168
tricolore-2-5th-edition,et,,,other,,none,168
tricolore-2-5th-edition,euro,un,,noun,,shopping,168
tricolore-2-5th-edition,Europe (f),l',,noun,,none,168
tricolore-2-5th-edition,européen (européenne),,,adjective,,none,168
tricolore-2-5th-edition,examen,un,,noun,,school,168
tricolore-2-5th-edition,excité,,,adjective,,none,168
tricolore-2-5th-edition,excursion,une,,noun,,vacation,168
tricolore-2-5th-edition,exemple,par,,phrase,,none,168
tricolore-2-5th-edition,exercice,un,,noun,,none,168
tricolore-2-5th-edition,exploser,,,verb,,none,168
tricolore-2-5th-edition,exposition,une,,noun,,hobby,168
tricolore-2-5th-edition,extrait,un,,noun,,none,168
tricolore-2-5th-edition,extraordinaire,,,adjective,,none,168
tricolore-2-5th-edition,il dort,,,phrase,,none,168
tricolore-2-5th-edition,jouer aux échecs,,,verb,,hobby,168
tricolore-2-5th-edition,l'eau minérale,,,phrase,,food,168
tricolore-2-5th-edition,le dimanche,,,phrase,,none,168
tricolore-2-5th-edition,par erreur,,,phrase,,none,168
tricolore-2-5th-edition,un escalier roulant,,,phrase,,none,168
tricolore-2-5th-edition,échapper,s',,verb,,none,168
tricolore-2-5th-edition,écharpe,une,,noun,,shopping,168
tricolore-2-5th-edition,échecs (m pl),les,,noun,,hobby,168
tricolore-2-5th-edition,éclair,un,,noun,,food,168
tricolore-2-5th-edition,école,une,,noun,,school,168
tricolore-2-5th-edition,Écosse (f),l',,noun,,none,168
tricolore-2-5th-edition,écouter,,,verb,,none,168
tricolore-2-5th-edition,écrire,,,verb,,none,168
tricolore-2-5th-edition,écrivain,un,,noun,,profession,168
tricolore-2-5th-edition,éducation physique (f),l',,noun,,school,168
tricolore-2-5th-edition,élève,un(e),,noun,,school,168
tricolore-2-5th-edition,élégant,,,adjective,,none,168
tricolore-2-5th-edition,éléphant,un,,noun,,none,168
tricolore-2-5th-edition,émission,une,,noun,,none,168
tricolore-2-5th-edition,énergie (f),l',,noun,,none,168
tricolore-2-5th-edition,épaule,une,,noun,,health,168
tricolore-2-5th-edition,épicerie,une,,noun,,profession,168
tricolore-2-5th-edition,épicier (épicière),un(e),,noun,,profession,168
tricolore-2-5th-edition,équipe,une,,noun,,none,168
tricolore-2-5th-edition,étage,un,,noun,,none,168
tricolore-2-5th-edition,étape,une,,noun,,none,168
tricolore-2-5th-edition,États-Unis (m pl),les,,noun,,none,168
tricolore-2-5th-edition,étrange,,,adjective,,none,168
tricolore-2-5th-edition,étranger,à l',,phrase,,travel,168
tricolore-2-5th-edition,étudiant(e),un(e),,noun,,school,168
tricolore-2-5th-edition,été (m),l',,noun,,time-dates,168
tricolore-2-5th-edition,évidemment,,,adverb,,none,168
tricolore-2-5th-edition,événement,un,,noun,,none,168
tricolore-2-5th-edition,être,,,verb,,none,168
tricolore-2-5th-edition,(pâté/gâteau) maison,,,adjective,,food,169
tricolore-2-5th-edition,avoir lieu,,,verb,,none,169
tricolore-2-5th-edition,chasse à l'intrus,,,phrase,,none,169
tricolore-2-5th-edition,de bonne heure,,,phrase,,none,169
tricolore-2-5th-edition,faire du lèche-vitrines,,,phrase,,shopping,169
tricolore-2-5th-edition,grand-mère,une,,noun,,family,169
tricolore-2-5th-edition,grand-père,un,,noun,,family,169
tricolore-2-5th-edition,grands-parents (m pl),les,,noun,,family,169
tricolore-2-5th-edition,gratuit,,,adjective,,none,169
tricolore-2-5th-edition,grec (grecque),,,adjective,,none,169
tricolore-2-5th-edition,grille,une,,noun,,none,169
tricolore-2-5th-edition,grimper,,,verb,,none,169
tricolore-2-5th-edition,gris,,,adjective,,none,169
tricolore-2-5th-edition,gros(se),,,adjective,,none,169
tricolore-2-5th-edition,grossir,,,verb,,none,169
tricolore-2-5th-edition,groupe,un,,noun,,none,169
tricolore-2-5th-edition,Grèce,la,,noun,,none,169
tricolore-2-5th-edition,guichet,un,,noun,,travel,169
tricolore-2-5th-edition,guide,un,,noun,,none,169
tricolore-2-5th-edition,guitare,une,,noun,,hobby,169
tricolore-2-5th-edition,gymnase,un,,noun,,none,169
tricolore-2-5th-edition,gymnastique,la,,noun,,hobby,169
tricolore-2-5th-edition,habiller,s',,verb,,daily-routine,169
tricolore-2-5th-edition,habiter,,,verb,,none,169
tricolore-2-5th-edition,habitude,d',,phrase,,daily-routine,169
tricolore-2-5th-edition,hand(ball),le,,noun,,health,169
tricolore-2-5th-edition,handicapé,,,adjective,,none,169
tricolore-2-5th-edition,hanté,,,adjective,,none,169
tricolore-2-5th-edition,haricots blancs (m pl),les,,noun,,none,169
tricolore-2-5th-edition,haricots verts (m pl),les,,noun,,none,169
tricolore-2-5th-edition,haut,un,,noun,,none,169
tricolore-2-5th-edition,haut,,,adjective,,none,169
tricolore-2-5th-edition,haut en bas,de,,phrase,,none,169
tricolore-2-5th-edition,haut les mains,,,phrase,,health,169
tricolore-2-5th-edition,hauteur,la,,noun,,none,169
tricolore-2-5th-edition,hectare,un,,noun,,none,169
tricolore-2-5th-edition,heure,une,,noun,,time-dates,169
tricolore-2-5th-edition,heure,à l',,phrase,,time-dates,169
tricolore-2-5th-edition,heureusement,,,adverb,,none,169
tricolore-2-5th-edition,hier,,,adverb,,time-dates,169
tricolore-2-5th-edition,hippopotame,un,,noun,,none,169
tricolore-2-5th-edition,histoire,une,,noun,,none,169
tricolore-2-5th-edition,histoire (f),l',,noun,,none,169
tricolore-2-5th-edition,hiver,en,,phrase,,time-dates,169
tricolore-2-5th-edition,hiver (m),l',,noun,,time-dates,169
tricolore-2-5th-edition,hockey,le,,noun,,none,169
tricolore-2-5th-edition,horaire,un,,noun,,school,169
tricolore-2-5th-edition,horloge,une,,noun,,none,169
tricolore-2-5th-edition,hors-d'œuvre,un,,noun,,restaurant,169
tricolore-2-5th-edition,hospitalité (f),l',,noun,,none,169
tricolore-2-5th-edition,hot-dog,un,,noun,,weather,169
tricolore-2-5th-edition,humain,,,adjective,,none,169
tricolore-2-5th-edition,huîtres (f pl),des,,noun,,food,169
tricolore-2-5th-edition,hâché,,,adjective,,none,169
tricolore-2-5th-edition,hélicoptère,un,,noun,,none,169
tricolore-2-5th-edition,hérisson,un,,noun,,none,169
tricolore-2-5th-edition,hôpital,un,,noun,,health,169
tricolore-2-5th-edition,hôtel,un,,noun,,none,169
tricolore-2-5th-edition,ici,,,adverb,,none,169
tricolore-2-5th-edition,identifier,,,verb,,none,169
tricolore-2-5th-edition,identique,,,adjective,,none,169
tricolore-2-5th-edition,idéal,,,adjective,,none,169
tricolore-2-5th-edition,idée,une,,noun,,none,169
tricolore-2-5th-edition,il a mal au dos,,,phrase,,health,169
tricolore-2-5th-edition,il y a,,,phrase,,none,169
tricolore-2-5th-edition,image,une,,noun,,none,169
tricolore-2-5th-edition,immédiatement,,,adverb,,none,169
tricolore-2-5th-edition,impatience,avec,,phrase,,none,169
tricolore-2-5th-edition,imper(méable),un,,noun,,none,169
tricolore-2-5th-edition,important,,,adjective,,none,169
tricolore-2-5th-edition,impossible,,,adjective,,none,169
tricolore-2-5th-edition,imprimante,une,,noun,,communication,169
tricolore-2-5th-edition,imprimer,,,verb,,none,169
tricolore-2-5th-edition,inconvénient,un,,noun,,none,169
tricolore-2-5th-edition,indice,une,,noun,,none,169
tricolore-2-5th-edition,indisponible,,,adjective,,none,169
tricolore-2-5th-edition,infirmier (infirmière),un(e),,noun,,profession,169
tricolore-2-5th-edition,informatique (f),l',,noun,,none,169
tricolore-2-5th-edition,ingrédients (m pl),les,,noun,,none,169
tricolore-2-5th-edition,inhalateur,un,,noun,,health,169
tricolore-2-5th-edition,inquiéter,s',,verb,,none,169
tricolore-2-5th-edition,inscrire (dans),s',,verb,,none,169
tricolore-2-5th-edition,installer,s',,verb,,none,169
tricolore-2-5th-edition,instruction civique (f),l',,noun,,school,169
tricolore-2-5th-edition,instruction religieuse (f),l',,noun,,school,169
tricolore-2-5th-edition,instrument (de musique),un,,noun,,none,169
tricolore-2-5th-edition,internat,un,,noun,,school,169
tricolore-2-5th-edition,Internet (m),l',,noun,,communication,169
tricolore-2-5th-edition,interview,une,,noun,,none,169
tricolore-2-5th-edition,intrus (m),l',,noun,,none,169
tricolore-2-5th-edition,intéressant,,,adjective,,none,169
tricolore-2-5th-edition,intéresser à,s',,verb,,none,169
tricolore-2-5th-edition,intérieur,à l',,phrase,,none,169
tricolore-2-5th-edition,inventeur,un,,noun,,profession,169
tricolore-2-5th-edition,invention,une,,noun,,none,169
tricolore-2-5th-edition,invitation,une,,noun,,none,169
tricolore-2-5th-edition,invité(e),un(e),,noun,,none,169
tricolore-2-5th-edition,irlandais,,,adjective,,none,169
tricolore-2-5th-edition,Irlande (du Nord) (f),l',,noun,,none,169
tricolore-2-5th-edition,Italie (f),l',,noun,,none,169
tricolore-2-5th-edition,italien (italienne),,,adjective,,none,169
tricolore-2-5th-edition,itinéraire,une,,noun,,none,169
tricolore-2-5th-edition,j'ai mal au ventre,,,phrase,,health,169
tricolore-2-5th-edition,j'ai mal à la gorge,,,phrase,,health,169
tricolore-2-5th-edition,jamais,ne ...,,adverb,,none,169
tricolore-2-5th-edition,jambe,une,,noun,,health,169
tricolore-2-5th-edition,jambon,le,,noun,,food,169
tricolore-2-5th-edition,jardin,un,,noun,,home,169
tricolore-2-5th-edition,jardin botanique,le,,noun,,home,169
tricolore-2-5th-edition,jaune,,,adjective,,none,169
tricolore-2-5th-edition,jean,un,,noun,,shopping,169
tricolore-2-5th-edition,jetable,,,adjective,,none,169
tricolore-2-5th-edition,jeter,,,verb,,none,169
tricolore-2-5th-edition,jeu (pl jeux),un,jeux,noun,,hobby,169
tricolore-2-5th-edition,jeu vidéo,un,,noun,,hobby,169
tricolore-2-5th-edition,jeudi,,,noun,,time-dates,169
tricolore-2-5th-edition,jeudi,le,,noun,,none,169
tricolore-2-5th-edition,jeune,,,adjective,,none,169
tricolore-2-5th-edition,jogging,un,,noun,,shopping,169
tricolore-2-5th-edition,joli,,,adjective,,none,169
tricolore-2-5th-edition,jouer,,,verb,,none,169
tricolore-2-5th-edition,joueur (joueuse),un(e),,noun,,none,169
tricolore-2-5th-edition,jour,un,,noun,,time-dates,169
tricolore-2-5th-edition,jour de fête,,,phrase,,hobby,169
tricolore-2-5th-edition,jour férié,,,phrase,,vacation,169
tricolore-2-5th-edition,journal (pl journaux),un,journaux,noun,,none,169
tricolore-2-5th-edition,journée,une,,noun,,time-dates,169
tricolore-2-5th-edition,judo,le,,noun,,none,169
tricolore-2-5th-edition,juillet,,,noun,,time-dates,169
tricolore-2-5th-edition,juin,,,noun,,time-dates,169
tricolore-2-5th-edition,jumeaux (jumelles),des,,noun,,family,169
tricolore-2-5th-edition,jumelles (f pl),des,,noun,,none,169
tricolore-2-5th-edition,jungle,un,,noun,,none,169
tricolore-2-5th-edition,jupe,une,,noun,,shopping,169
tricolore-2-5th-edition,jus de fruit,un,,noun,,food,169
tricolore-2-5th-edition,jusqu'à,,,preposition,,none,169
tricolore-2-5th-edition,kayak,un,,noun,,none,169
tricolore-2-5th-edition,ketchup,le,,noun,,food,169
tricolore-2-5th-edition,kilo,un,,noun,,none,169
tricolore-2-5th-edition,kiosque,un,,noun,,none,169
tricolore-2-5th-edition,kiwi,un,,noun,,food,169
tricolore-2-5th-edition,klaxonner,,,verb,,none,169
tricolore-2-5th-edition,laboratoire,un,,noun,,none,169
tricolore-2-5th-edition,lac,un,,noun,,none,169
tricolore-2-5th-edition,laisser,,,verb,,none,169
tricolore-2-5th-edition,laisser tomber,,,verb,,none,169
tricolore-2-5th-edition,lait,le,,noun,,food,169
tricolore-2-5th-edition,langue,une,,noun,,none,169
tricolore-2-5th-edition,langues vivantes,les,,noun,,none,169
tricolore-2-5th-edition,lapin,un,,noun,,none,169
tricolore-2-5th-edition,latin,le,,noun,,none,169
tricolore-2-5th-edition,laver,,,verb,,daily-routine,169
tricolore-2-5th-edition,lecteur (MP3/DVD),un,,noun,,none,169
tricolore-2-5th-edition,lecture,la,,noun,,hobby,169
tricolore-2-5th-edition,lentement,,,adverb,,none,169
tricolore-2-5th-edition,lettre,une,,noun,,communication,169
tricolore-2-5th-edition,lever,se,,verb,,daily-routine,169
tricolore-2-5th-edition,librairie,une,,noun,,none,169
tricolore-2-5th-edition,libre,,,adjective,,none,169
tricolore-2-5th-edition,lien,un,,noun,,communication,169
tricolore-2-5th-edition,lieu,un,,noun,,none,169
tricolore-2-5th-edition,limonade,la,,noun,,food,169
tricolore-2-5th-edition,lion,un,,noun,,none,169
tricolore-2-5th-edition,lire,,,verb,,none,169
tricolore-2-5th-edition,liseuse,une,,noun,,none,169
tricolore-2-5th-edition,lit,un,,noun,,home,169
tricolore-2-5th-edition,litre,un,,noun,,none,169
tricolore-2-5th-edition,livre,un,,noun,,none,169
tricolore-2-5th-edition,livre,une,,noun,,none,169
tricolore-2-5th-edition,location,la,,noun,,none,169
tricolore-2-5th-edition,loger,,,verb,,none,169
tricolore-2-5th-edition,logique,la,,noun,,none,169
tricolore-2-5th-edition,logo,un,,noun,,communication,169
tricolore-2-5th-edition,loin,,,adverb,,none,169
tricolore-2-5th-edition,long (longue),,,adjective,,none,169
tricolore-2-5th-edition,longtemps,,,adverb,,time-dates,169
tricolore-2-5th-edition,loterie,la,,noun,,none,169
tricolore-2-5th-edition,loupe,la,,noun,,none,169
tricolore-2-5th-edition,lourd,,,adjective,,none,169
tricolore-2-5th-edition,lumière,la,,noun,,none,169
tricolore-2-5th-edition,lundi,,,noun,,time-dates,169
tricolore-2-5th-edition,lundi,le,,noun,,none,169
tricolore-2-5th-edition,lunettes (f pl),les,,noun,,none,169
tricolore-2-5th-edition,lunettes de soleil,les,,noun,,none,169
tricolore-2-5th-edition,lycée,un,,noun,,school,169
tricolore-2-5th-edition,là-bas,,,adverb,,none,169
tricolore-2-5th-edition,légume,un,,noun,,food,169
tricolore-2-5th-edition,macaronis (m pl),les,,noun,,food,169
tricolore-2-5th-edition,machine,une,,noun,,none,169
tricolore-2-5th-edition,madame,,,noun,,none,169
tricolore-2-5th-edition,magasin,un,,noun,,shopping,169
tricolore-2-5th-edition,magazine,un,,noun,,none,169
tricolore-2-5th-edition,magazine d'informatique,un,,noun,,communication,169
tricolore-2-5th-edition,magnifique,,,adjective,,none,169
tricolore-2-5th-edition,maigrir,,,verb,,none,169
tricolore-2-5th-edition,maillot,un,,noun,,shopping,169
tricolore-2-5th-edition,maillot de bain,,,phrase,,hobby,169
tricolore-2-5th-edition,maintenant,,,adverb,,time-dates,169
tricolore-2-5th-edition,mais,,,other,,none,169
tricolore-2-5th-edition,maison,une,,noun,,home,169
tricolore-2-5th-edition,maison,à la,,phrase,,none,169
tricolore-2-5th-edition,maison des jeunes,une,,noun,,none,169
tricolore-2-5th-edition,mal,,,adverb,,none,169
tricolore-2-5th-edition,malade,,,adjective,,health,169
tricolore-2-5th-edition,malheur,le,,noun,,none,169
tricolore-2-5th-edition,malheureusement,,,adverb,,none,169
tricolore-2-5th-edition,malin (maligne),,,adjective,,none,169
tricolore-2-5th-edition,Malte,,,noun,,none,169
tricolore-2-5th-edition,Mamie,,,noun,,family,169
tricolore-2-5th-edition,mammifère,un,,noun,,none,169
tricolore-2-5th-edition,Manche,la,,noun,,none,169
tricolore-2-5th-edition,manger,,,verb,,none,169
tricolore-2-5th-edition,manquer,,,verb,,none,169
tricolore-2-5th-edition,manteau,un,,noun,,shopping,169
tricolore-2-5th-edition,manège à pédales,un,,noun,,none,169
tricolore-2-5th-edition,marchand(e),un(e),,noun,,profession,169
tricolore-2-5th-edition,marchand(e) de glaces,un(e),,noun,,profession,169
tricolore-2-5th-edition,marchand(e) de légumes,un(e),,noun,,none,169
tricolore-2-5th-edition,marche,une,,noun,,none,169
tricolore-2-5th-edition,marcher,,,verb,,none,169
tricolore-2-5th-edition,marché,un,,noun,,shopping,169
tricolore-2-5th-edition,mardi,,,noun,,time-dates,169
tricolore-2-5th-edition,mardi,le,,noun,,none,169
tricolore-2-5th-edition,mari,le,,noun,,family,169
tricolore-2-5th-edition,marié,,,adjective,,family,169
tricolore-2-5th-edition,Maroc,le,,noun,,none,169
tricolore-2-5th-edition,marque,une,,noun,,none,169
tricolore-2-5th-edition,marron (inv. does not change form),,,adjective,,none,169
tricolore-2-5th-edition,Martinique,la,,noun,,none,169
tricolore-2-5th-edition,match,un,,noun,,none,169
tricolore-2-5th-edition,match nul,un,,noun,,none,169
tricolore-2-5th-edition,maths (f pl),les,,noun,,none,169
tricolore-2-5th-edition,mathématiques (f pl),les,,noun,,none,169
tricolore-2-5th-edition,matin,un,,noun,,time-dates,169
tricolore-2-5th-edition,matin,le,,noun,,time-dates,169
tricolore-2-5th-edition,matinée,une,,noun,,time-dates,169
tricolore-2-5th-edition,matière,une,,noun,,school,169
tricolore-2-5th-edition,mauvais,,,adjective,,none,169
tricolore-2-5th-edition,maître,un,,noun,,none,169
tricolore-2-5th-edition,meilleur,,,adjective,,none,169
tricolore-2-5th-edition,melon,un,,noun,,food,169
tricolore-2-5th-edition,menthe,la,,noun,,none,169
tricolore-2-5th-edition,médecin,un,,noun,,profession,169
tricolore-2-5th-edition,médicament,un,,noun,,health,169
tricolore-2-5th-edition,médina,la,,noun,,shopping,169
tricolore-2-5th-edition,mélanger,,,verb,,none,169
tricolore-2-5th-edition,mémoire,la,,noun,,none,169
tricolore-2-5th-edition,même,,,adjective,,none,169
tricolore-2-5th-edition,quelle horreur,,,phrase,,none,169
tricolore-2-5th-edition,à voix haute,,,phrase,,none,169
tricolore-2-5th-edition,île,une,,noun,,none,169
tricolore-2-5th-edition,avoir le temps,,,verb,,time-dates,172
tricolore-2-5th-edition,c'est tout,,,phrase,,none,172
tricolore-2-5th-edition,de la tête aux pieds,,,phrase,,health,172
tricolore-2-5th-edition,de taille moyenne,,,phrase,,none,172
tricolore-2-5th-edition,de temps en temps,,,phrase,,time-dates,172
tricolore-2-5th-edition,en supplément,,,phrase,,none,172
tricolore-2-5th-edition,en tout,,,phrase,,none,172
tricolore-2-5th-edition,en vacances,,,phrase,,vacation,172
tricolore-2-5th-edition,en ville,,,phrase,,city-places,172
tricolore-2-5th-edition,faire de la voile,,,verb,,hobby,172
tricolore-2-5th-edition,la télé-réalité,,,phrase,,none,172
tricolore-2-5th-edition,la vie scolaire,,,phrase,,school,172
tricolore-2-5th-edition,la ville souterraine,,,phrase,,none,172
tricolore-2-5th-edition,le steak tartare,,,phrase,,food,172
tricolore-2-5th-edition,le tableau des horaires,,,phrase,,school,172
tricolore-2-5th-edition,le vendredi,,,phrase,,none,172
tricolore-2-5th-edition,le vol libre,,,phrase,,none,172
tricolore-2-5th-edition,le weekend,,,phrase,,none,172
tricolore-2-5th-edition,les transports en commun,,,phrase,,travel,172
tricolore-2-5th-edition,par terre,,,phrase,,none,172
tricolore-2-5th-edition,plus tard,,,phrase,,time-dates,172
tricolore-2-5th-edition,souvenir,un,,noun,,vacation,172
tricolore-2-5th-edition,souvent,,,adverb,,none,172
tricolore-2-5th-edition,spaghettis (m pl),les,,noun,,food,172
tricolore-2-5th-edition,spectacle,un,,noun,,none,172
tricolore-2-5th-edition,sport,le,,noun,,hobby,172
tricolore-2-5th-edition,sportif (sportive),,,adjective,,hobby,172
tricolore-2-5th-edition,spécialité,une,,noun,,none,172
tricolore-2-5th-edition,squelette,une,,noun,,none,172
tricolore-2-5th-edition,stade,un,,noun,,city-places,172
tricolore-2-5th-edition,stage,un,,noun,,none,172
tricolore-2-5th-edition,statue,une,,noun,,none,172
tricolore-2-5th-edition,steak,le,,noun,,food,172
tricolore-2-5th-edition,stupide,,,adjective,,none,172
tricolore-2-5th-edition,stylo,un,,noun,,none,172
tricolore-2-5th-edition,sucette,une,,noun,,none,172
tricolore-2-5th-edition,sucre,le,,noun,,food,172
tricolore-2-5th-edition,sucré,,,adjective,,food,172
tricolore-2-5th-edition,sud,le,,noun,,travel,172
tricolore-2-5th-edition,suisse,,,adjective,,none,172
tricolore-2-5th-edition,Suisse,la,,noun,,none,172
tricolore-2-5th-edition,super,,,adjective,,none,172
tricolore-2-5th-edition,superbe,,,adjective,,none,172
tricolore-2-5th-edition,supermarché,un,,noun,,shopping,172
tricolore-2-5th-edition,supplément,un,,noun,,none,172
tricolore-2-5th-edition,sur,,,preposition,,none,172
tricolore-2-5th-edition,surfer (sur le Net),,,verb,,none,172
tricolore-2-5th-edition,surligner,,,verb,,none,172
tricolore-2-5th-edition,surligneur,un,,noun,,none,172
tricolore-2-5th-edition,surnom,un,,noun,,none,172
tricolore-2-5th-edition,surprise,une,,noun,,none,172
tricolore-2-5th-edition,surtout,,,adverb,,none,172
tricolore-2-5th-edition,surveiller,,,verb,,none,172
tricolore-2-5th-edition,Suède,la,,noun,,none,172
tricolore-2-5th-edition,SVT (sciences de la vie et de la terre),les,,noun,,none,172
tricolore-2-5th-edition,sympa,,,adjective,,none,172
tricolore-2-5th-edition,sympathique,,,adjective,,none,172
tricolore-2-5th-edition,sûr,,,adjective,,none,172
tricolore-2-5th-edition,tabac,un,,noun,,none,172
tricolore-2-5th-edition,table,une,,noun,,none,172
tricolore-2-5th-edition,tableau,un,,noun,,none,172
tricolore-2-5th-edition,taille,la,,noun,,shopping,172
tricolore-2-5th-edition,tant pis,,,phrase,,none,172
tricolore-2-5th-edition,tante,une,,noun,,family,172
tricolore-2-5th-edition,taper,,,verb,,none,172
tricolore-2-5th-edition,tapis,un,,noun,,none,172
tricolore-2-5th-edition,tard,,,adverb,,none,172
tricolore-2-5th-edition,tarentule,une,,noun,,none,172
tricolore-2-5th-edition,tarif,le,,noun,,shopping,172
tricolore-2-5th-edition,tarte,une,,noun,,food,172
tricolore-2-5th-edition,tartine,une,,noun,,food,172
tricolore-2-5th-edition,taxi,un,,noun,,travel,172
tricolore-2-5th-edition,technologie,la,,noun,,none,172
tricolore-2-5th-edition,tee-shirt,un,,noun,,shopping,172
tricolore-2-5th-edition,tellement,,,adverb,,none,172
tricolore-2-5th-edition,temps,le,,noun,,time-dates,172
tricolore-2-5th-edition,tennis,le,,noun,,hobby,172
tricolore-2-5th-edition,tennis de table,le,,noun,,hobby,172
tricolore-2-5th-edition,tenue,une,,noun,,none,172
tricolore-2-5th-edition,terminus,un,,noun,,none,172
tricolore-2-5th-edition,terrain,un,,noun,,none,172
tricolore-2-5th-edition,terre,la,,noun,,none,172
tricolore-2-5th-edition,TGV (train à grande vitesse),le,,noun,,travel,172
tricolore-2-5th-edition,thon,le,,noun,,food,172
tricolore-2-5th-edition,thé,le,,noun,,food,172
tricolore-2-5th-edition,théorie,une,,noun,,none,172
tricolore-2-5th-edition,théâtre,un,,noun,,none,172
tricolore-2-5th-edition,tigre,un,,noun,,none,172
tricolore-2-5th-edition,timbre,un,,noun,,communication,172
tricolore-2-5th-edition,titre (m),le,,noun,,none,172
tricolore-2-5th-edition,toast,le,,noun,,food,172
tricolore-2-5th-edition,toboggan,un,,noun,,none,172
tricolore-2-5th-edition,toilettes (f pl),les,,noun,,none,172
tricolore-2-5th-edition,tomate,une,,noun,,food,172
tricolore-2-5th-edition,tomber,,,verb,,none,172
tricolore-2-5th-edition,tome,un,,noun,,none,172
tricolore-2-5th-edition,tort,avoir,,verb,,none,172
tricolore-2-5th-edition,tortue,une,,noun,,none,172
tricolore-2-5th-edition,toujours,,,adverb,,none,172
tricolore-2-5th-edition,tour,une,,noun,,none,172
tricolore-2-5th-edition,tour de rôle,à,,phrase,,none,172
tricolore-2-5th-edition,touriste,un(e),,noun,,none,172
tricolore-2-5th-edition,touristique,,,adjective,,none,172
tricolore-2-5th-edition,tournoi,un,,noun,,none,172
tricolore-2-5th-edition,tous les jours,,,phrase,,time-dates,172
tricolore-2-5th-edition,tout,,,other,,none,172
tricolore-2-5th-edition,tout de suite,,,phrase,,none,172
tricolore-2-5th-edition,tout le monde,,,phrase,,none,172
tricolore-2-5th-edition,toute l'année,,,phrase,,time-dates,172
tricolore-2-5th-edition,toutes sortes de …,,,phrase,,none,172
tricolore-2-5th-edition,traduire,,,verb,,none,172
tricolore-2-5th-edition,train,un,,noun,,travel,172
tricolore-2-5th-edition,trains au départ,,,phrase,,travel,172
tricolore-2-5th-edition,trajet,un,,noun,,travel,172
tricolore-2-5th-edition,tram/tramway (m),en,,phrase,,travel,172
tricolore-2-5th-edition,trampoline,une,,noun,,none,172
tricolore-2-5th-edition,tranche,une,,noun,,none,172
tricolore-2-5th-edition,transférer,,,verb,,none,172
tricolore-2-5th-edition,transports (m pl),les,,noun,,travel,172
tricolore-2-5th-edition,travail,le,,noun,,none,172
tricolore-2-5th-edition,travailler,,,verb,,none,172
tricolore-2-5th-edition,traverser,,,verb,,none,172
tricolore-2-5th-edition,trente,,,other,,none,172
tricolore-2-5th-edition,tribune,une,,noun,,none,172
tricolore-2-5th-edition,trilogie,une,,noun,,none,172
tricolore-2-5th-edition,triste,,,adjective,,none,172
tricolore-2-5th-edition,trois,,,other,,none,172
tricolore-2-5th-edition,troisième,,,other,,none,172
tricolore-2-5th-edition,trombone,un,,noun,,hobby,172
tricolore-2-5th-edition,trompette,une,,noun,,hobby,172
tricolore-2-5th-edition,troupeau,un,,noun,,none,172
tricolore-2-5th-edition,trouver,,,verb,,none,172
tricolore-2-5th-edition,trouver,se,,verb,,none,172
tricolore-2-5th-edition,truite,la,,noun,,none,172
tricolore-2-5th-edition,très,,,adverb,,none,172
tricolore-2-5th-edition,tutoyer,,,verb,,none,172
tricolore-2-5th-edition,télescope,un,,noun,,none,172
tricolore-2-5th-edition,télé,la,,noun,,none,172
tricolore-2-5th-edition,téléphone (portable),un,,noun,,communication,172
tricolore-2-5th-edition,tête,la,,noun,,health,172
tricolore-2-5th-edition,tôt,,,adverb,,none,172
tricolore-2-5th-edition,un(e),un(e),,noun,,none,172
tricolore-2-5th-edition,uniforme,un,,noun,,none,172
tricolore-2-5th-edition,uniquement,,,adverb,,none,172
tricolore-2-5th-edition,usine,une,,noun,,city-places,172
tricolore-2-5th-edition,utile,,,adjective,,none,172
tricolore-2-5th-edition,utiliser,,,verb,,none,172
tricolore-2-5th-edition,va (from aller),il/elle,,verb,,none,172
tricolore-2-5th-edition,vacances (f pl),les,,noun,,vacation,172
tricolore-2-5th-edition,vais (from aller),je,,verb,,none,172
tricolore-2-5th-edition,Val de Loire,le,,noun,,none,172
tricolore-2-5th-edition,valise,une,,noun,,none,172
tricolore-2-5th-edition,vampire,un(e),,noun,,none,172
tricolore-2-5th-edition,vanille,à la,,phrase,,none,172
tricolore-2-5th-edition,variété,une,,noun,,none,172
tricolore-2-5th-edition,veille,la,,noun,,time-dates,172
tricolore-2-5th-edition,vendeur (vendeuse),un(e),,noun,,profession,172
tricolore-2-5th-edition,vendre,,,verb,,shopping,172
tricolore-2-5th-edition,vendredi,,,noun,,time-dates,172
tricolore-2-5th-edition,venir,,,verb,,none,172
tricolore-2-5th-edition,vent,le,,noun,,weather,172
tricolore-2-5th-edition,vente,une,,noun,,none,172
tricolore-2-5th-edition,ventre,le,,noun,,health,172
tricolore-2-5th-edition,ver,un,,noun,,none,172
tricolore-2-5th-edition,verger,un,,noun,,none,172
tricolore-2-5th-edition,verre,un,,noun,,none,172
tricolore-2-5th-edition,vers,,,preposition,,none,172
tricolore-2-5th-edition,vert,,,adjective,,none,172
tricolore-2-5th-edition,veste,une,,noun,,shopping,172
tricolore-2-5th-edition,veux (from vouloir),je,,verb,,none,172
tricolore-2-5th-edition,viande,la,,noun,,food,172
tricolore-2-5th-edition,vie,la,,noun,,none,172
tricolore-2-5th-edition,"vieux (vieil, vieille, vieux, vieilles)",,,adjective,,none,172
tricolore-2-5th-edition,vif (vive),,,adjective,,none,172
tricolore-2-5th-edition,village,un,,noun,,none,172
tricolore-2-5th-edition,ville,une,,noun,,city-places,172
tricolore-2-5th-edition,vin,le,,noun,,food,172
tricolore-2-5th-edition,vingt,,,other,,none,172
tricolore-2-5th-edition,violon,un,,noun,,hobby,172
tricolore-2-5th-edition,violoncelle,un,,noun,,hobby,172
tricolore-2-5th-edition,visage,un,,noun,,none,172
tricolore-2-5th-edition,visiter,,,verb,,none,172
tricolore-2-5th-edition,vite,,,adverb,,none,172
tricolore-2-5th-edition,vitesse,la,,noun,,none,172
tricolore-2-5th-edition,vivre,,,verb,,none,172
tricolore-2-5th-edition,voie,une,,noun,,travel,172
tricolore-2-5th-edition,voile,la,,noun,,hobby,172
tricolore-2-5th-edition,voilà,le,,noun,,none,172
tricolore-2-5th-edition,voir,,,verb,,none,172
tricolore-2-5th-edition,voisin(e),un(e),,noun,,family,172
tricolore-2-5th-edition,voiture,une,,noun,,none,172
tricolore-2-5th-edition,voix,une,,noun,,none,172
tricolore-2-5th-edition,vol,un,,noun,,none,172
tricolore-2-5th-edition,voleur (voleuse),un(e),,noun,,none,172
tricolore-2-5th-edition,volley,le,,noun,,none,172
tricolore-2-5th-edition,vont (from aller),ils/elles,,verb,,none,172
tricolore-2-5th-edition,voudrais (from vouloir),je,,verb,,none,172
tricolore-2-5th-edition,vouloir,,,verb,,none,172
tricolore-2-5th-edition,voyage,un,,noun,,travel,172
tricolore-2-5th-edition,voyager,,,verb,,none,172
tricolore-2-5th-edition,vrai,,,adjective,,none,172
tricolore-2-5th-edition,vraiment,,,adverb,,none,172
tricolore-2-5th-edition,vue,la,,noun,,none,172
tricolore-2-5th-edition,végétarien(ne),un(e),,noun,,none,172
tricolore-2-5th-edition,vélo,un,,noun,,travel,172
tricolore-2-5th-edition,vélo tout terrain (VTT),un,,noun,,vacation,172
tricolore-2-5th-edition,vérifier,,,verb,,none,172
tricolore-2-5th-edition,vêtements (m pl),les,,noun,,shopping,172
tricolore-2-5th-edition,weekend,un,,noun,,none,172
tricolore-2-5th-edition,wifi (gratuit),le,,noun,,none,172
tricolore-2-5th-edition,yaourt,un,,noun,,food,172
tricolore-2-5th-edition,yeux (m pl),les,,noun,,none,172
tricolore-2-5th-edition,zoo,un,,noun,,none,172
tricolore-2-5th-edition,zut!,,,phrase,,none,172
tricolore-2-5th-edition,zèbre,un,,noun,,none,172
tricolore-2-5th-edition,à la télé,,,phrase,,none,172
tricolore-2-5th-edition,à tout à l'heure,,,phrase,,time-dates,172
tricolore-2-5th-edition,ça va?,,,phrase,,none,172
tricolore-2-5th-edition,abricot,un,,noun,,food,173
tricolore-2-5th-edition,activité,une,,noun,,hobby,173
tricolore-2-5th-edition,adorer,,,verb,,none,173
tricolore-2-5th-edition,adresse,une,,noun,,personal-info,173
tricolore-2-5th-edition,affreux (affreuse),,,adjective,,none,173
tricolore-2-5th-edition,Afrique (f),l',,noun,,travel,173
tricolore-2-5th-edition,ajouter,,,verb,,none,173
tricolore-2-5th-edition,allergique,,,adjective,,health,173
tricolore-2-5th-edition,amusant,,,adjective,,none,173
tricolore-2-5th-edition,Amérique (f),l',,noun,,travel,173
tricolore-2-5th-edition,Amérique du Nord,l',,noun,,travel,173
tricolore-2-5th-edition,Amérique du Sud,l',,noun,,travel,173
tricolore-2-5th-edition,animal,un,des animaux,noun,,none,173
tricolore-2-5th-edition,anorak,un,,noun,,shopping,173
tricolore-2-5th-edition,août,,,noun,,time-dates,173
tricolore-2-5th-edition,après,,,preposition,,none,173
tricolore-2-5th-edition,après-midi (m),l',,noun,,time-dates,173
tricolore-2-5th-edition,arobase,un,,noun,,communication,173
tricolore-2-5th-edition,arriver,,,verb,,travel,173
tricolore-2-5th-edition,article (m),un,,noun,,none,173
tricolore-2-5th-edition,Asie (f),l',,noun,,travel,173
tricolore-2-5th-edition,asthmatique,,,adjective,,health,173
tricolore-2-5th-edition,athlétisme (m),l',,noun,,hobby,173
tricolore-2-5th-edition,au-dessus de,,,phrase,,none,173
tricolore-2-5th-edition,aussi,,,adverb,,none,173
tricolore-2-5th-edition,aussi grand(e) que,,,phrase,,personal-info,173
tricolore-2-5th-edition,automne (m),l',,noun,,time-dates,173
tricolore-2-5th-edition,Autriche (f),l',,noun,,travel,173
tricolore-2-5th-edition,avantage,un,,noun,,none,173
tricolore-2-5th-edition,avion,un,,noun,,travel,173
tricolore-2-5th-edition,avril,,,noun,,time-dates,173
tricolore-2-5th-edition,aéroport,un,,noun,,travel,173
tricolore-2-5th-edition,c'est tout,,,phrase,,none,173
tricolore-2-5th-edition,cheville,une,,noun,,health,173
tricolore-2-5th-edition,comme,,,other,,none,173
tricolore-2-5th-edition,conseiller,,,verb,,none,173
tricolore-2-5th-edition,contre,,,preposition,,none,173
tricolore-2-5th-edition,d'accord,,,phrase,,none,173
tricolore-2-5th-edition,demander,,,verb,,none,173
tricolore-2-5th-edition,dessin,le,,noun,,school,173
tricolore-2-5th-edition,déjà,,,adverb,,none,173
tricolore-2-5th-edition,en automne,,,phrase,,time-dates,173
tricolore-2-5th-edition,en tout,,,phrase,,none,173
tricolore-2-5th-edition,encore,,,adverb,,none,173
tricolore-2-5th-edition,encore un(e) …,,,phrase,,none,173
tricolore-2-5th-edition,environ,,,adverb,,none,173
tricolore-2-5th-edition,et,,,other,,none,173
tricolore-2-5th-edition,et avec ça?,,,phrase,,shopping,173
tricolore-2-5th-edition,fauteuil,un,,noun,,home,173
tricolore-2-5th-edition,il y a,,,phrase,,none,173
tricolore-2-5th-edition,inquiet (inquiète),,,adjective,,none,173
tricolore-2-5th-edition,moyen(ne),,,adjective,,none,173
tricolore-2-5th-edition,pomme,une,,noun,,food,173
tricolore-2-5th-edition,poser une question,,,verb,,school,173
tricolore-2-5th-edition,pouvoir,,,verb,,none,173
tricolore-2-5th-edition,presque,,,adverb,,none,173
tricolore-2-5th-edition,rendez-vous,un,,noun,,none,173
tricolore-2-5th-edition,région,une,,noun,,travel,173
tricolore-2-5th-edition,répondre,,,verb,,school,173
tricolore-2-5th-edition,réponse,une,,noun,,none,173
tricolore-2-5th-edition,seul,,,adjective,,none,173
tricolore-2-5th-edition,solution,une,,noun,,none,173
tricolore-2-5th-edition,sont (from être),ils/elles,,verb,,none,173
tricolore-2-5th-edition,suis (from être),je,,verb,,none,173
tricolore-2-5th-edition,sur,,,preposition,,none,173
tricolore-2-5th-edition,surtout,,,adverb,,none,173
tricolore-2-5th-edition,tante,une,,noun,,family,173
tricolore-2-5th-edition,toujours,,,adverb,,none,173
tricolore-2-5th-edition,"tout (toute, tous, toutes)",,,other,,none,173
tricolore-2-5th-edition,"un, une",,,other,,none,173
tricolore-2-5th-edition,vers,,,preposition,,none,173
tricolore-2-5th-edition,à l'étranger,,,phrase,,travel,173
tricolore-2-5th-edition,à peu près,,,phrase,,none,173
tricolore-2-5th-edition,âge (m),l',,noun,,personal-info,173
tricolore-2-5th-edition,ça va?,,,phrase,,communication,173
tricolore-2-5th-edition,éviter,,,verb,,none,173
tricolore-2-5th-edition,(c'est) amusant,,,adjective,,none,174
tricolore-2-5th-edition,(les cheveux) roux,,,adjective,,none,174
tricolore-2-5th-edition,(premier) étage,au,,phrase,,none,174
tricolore-2-5th-edition,(vert) foncé,,,adjective,,none,174
tricolore-2-5th-edition,adresse e-mail,une,,noun,,communication,174
tricolore-2-5th-edition,aider,,,verb,,none,174
tricolore-2-5th-edition,alimentation générale,une,,noun,,food,174
tricolore-2-5th-edition,Allemagne (f),l',,noun,,none,174
tricolore-2-5th-edition,allemand,,,adjective,,none,174
tricolore-2-5th-edition,aller,,,verb,,none,174
tricolore-2-5th-edition,aller à la pêche,,,verb,,none,174
tricolore-2-5th-edition,"ami(e), un copain/une copine",un(e),,noun,,family,174
tricolore-2-5th-edition,anglais,,,adjective,,none,174
tricolore-2-5th-edition,Angleterre (f),l',,noun,,none,174
tricolore-2-5th-edition,appartement,un,,noun,,home,174
tricolore-2-5th-edition,assez,,,adverb,,none,174
tricolore-2-5th-edition,avoir,,,verb,,none,174
tricolore-2-5th-edition,avoir mal à la tête,,,verb,,health,174
tricolore-2-5th-edition,batterie,la,,noun,,hobby,174
tricolore-2-5th-edition,bien sûr,,,phrase,,none,174
tricolore-2-5th-edition,boire,,,verb,,food,174
tricolore-2-5th-edition,boisson,une,,noun,,food,174
tricolore-2-5th-edition,bon(ne),,,adjective,,none,174
tricolore-2-5th-edition,bonjour,,,phrase,,communication,174
tricolore-2-5th-edition,bravo! félicitations!,,,phrase,,none,174
tricolore-2-5th-edition,cadeau,un,,noun,,shopping,174
tricolore-2-5th-edition,cahier,un,,noun,,school,174
tricolore-2-5th-edition,campagne,la,,noun,,vacation,174
tricolore-2-5th-edition,carrefour,un,,noun,,none,174
tricolore-2-5th-edition,carte de crédit,une,,noun,,shopping,174
tricolore-2-5th-edition,casque,un,,noun,,none,174
tricolore-2-5th-edition,chapeau,un,,noun,,shopping,174
tricolore-2-5th-edition,charcuterie,une,,noun,,none,174
tricolore-2-5th-edition,cher,,,adjective,,shopping,174
tricolore-2-5th-edition,cher (chère),,,adjective,,none,174
tricolore-2-5th-edition,cheveux (m pl),les,,noun,,none,174
tricolore-2-5th-edition,cheveux blonds (m pl),les,,noun,,none,174
tricolore-2-5th-edition,cheveux frisés,les,,noun,,none,174
tricolore-2-5th-edition,chien,un,,noun,,none,174
tricolore-2-5th-edition,chips (m pl),des,,noun,,food,174
tricolore-2-5th-edition,classeur,un,,noun,,school,174
tricolore-2-5th-edition,client(e),un(e),,noun,,shopping,174
tricolore-2-5th-edition,cochon d'Inde,un,,noun,,none,174
tricolore-2-5th-edition,coin,le,,noun,,none,174
tricolore-2-5th-edition,compartiment,un,,noun,,none,174
tricolore-2-5th-edition,compliqué,,,adjective,,none,174
tricolore-2-5th-edition,compter,,,verb,,none,174
tricolore-2-5th-edition,concert,un,,noun,,hobby,174
tricolore-2-5th-edition,concombre,un,,noun,,food,174
tricolore-2-5th-edition,"content, heureux (heureuse)",,,phrase,,none,174
tricolore-2-5th-edition,coude,le,,noun,,health,174
tricolore-2-5th-edition,couloir,le,,noun,,none,174
tricolore-2-5th-edition,cousin(e),un(e),,noun,,family,174
tricolore-2-5th-edition,coûter,,,verb,,none,174
tricolore-2-5th-edition,cricket,le,,noun,,hobby,174
tricolore-2-5th-edition,crème,la,,noun,,none,174
tricolore-2-5th-edition,cuisinière,une,,noun,,none,174
tricolore-2-5th-edition,curseur,le,,noun,,communication,174
tricolore-2-5th-edition,cyclisme,le,,noun,,hobby,174
tricolore-2-5th-edition,célèbre,,,adjective,,none,174
tricolore-2-5th-edition,cœur,le,,noun,,none,174
tricolore-2-5th-edition,d'abord,,,adverb,,none,174
tricolore-2-5th-edition,Danemark,le,,noun,,none,174
tricolore-2-5th-edition,dangereux (dangereuse),,,adjective,,none,174
tricolore-2-5th-edition,danser,,,verb,,none,174
tricolore-2-5th-edition,date,la,,noun,,time-dates,174
tricolore-2-5th-edition,de,,,preposition,,none,174
tricolore-2-5th-edition,"de bonne heure, tôt",,,phrase,,none,174
tricolore-2-5th-edition,demi,,,adjective,,none,174
tricolore-2-5th-edition,demi-frère,un,,noun,,family,174
tricolore-2-5th-edition,demi-sœur,une,,noun,,family,174
tricolore-2-5th-edition,dentiste,un(e),,noun,,profession,174
tricolore-2-5th-edition,descendre de,,,verb,,travel,174
tricolore-2-5th-edition,dessin,le,,noun,,hobby,174
tricolore-2-5th-edition,dessiner,,,verb,,none,174
tricolore-2-5th-edition,devant,,,preposition,,none,174
tricolore-2-5th-edition,deviner,,,verb,,none,174
tricolore-2-5th-edition,devoir,,,verb,,none,174
tricolore-2-5th-edition,dictionnaire,un,,noun,,school,174
tricolore-2-5th-edition,difficile,,,adjective,,none,174
tricolore-2-5th-edition,discothèque,une,,noun,,hobby,174
tricolore-2-5th-edition,distraction,une,,noun,,none,174
tricolore-2-5th-edition,divorcé,,,adjective,,family,174
tricolore-2-5th-edition,donner,,,verb,,none,174
tricolore-2-5th-edition,drapeau,un,,noun,,none,174
tricolore-2-5th-edition,dur,,,adjective,,none,174
tricolore-2-5th-edition,décembre,,,noun,,time-dates,174
tricolore-2-5th-edition,délicieux (délicieuse),,,adjective,,none,174
tricolore-2-5th-edition,désert,un,,noun,,none,174
tricolore-2-5th-edition,détester,,,verb,,none,174
tricolore-2-5th-edition,dîner,le,,noun,,food,174
tricolore-2-5th-edition,"e-mail, un message (électronique), un mail",un,,noun,,communication,174
tricolore-2-5th-edition,effacer,,,verb,,none,174
tricolore-2-5th-edition,elle ne comprend pas,,,phrase,,none,174
tricolore-2-5th-edition,en retard,,,phrase,,none,174
tricolore-2-5th-edition,en vacances,,,phrase,,vacation,174
tricolore-2-5th-edition,entendre,,,verb,,none,174
tricolore-2-5th-edition,entrée,une,,noun,,travel,174
tricolore-2-5th-edition,est (m),l',,noun,,travel,174
tricolore-2-5th-edition,exercice,un,,noun,,none,174
tricolore-2-5th-edition,expliquer,,,verb,,none,174
tricolore-2-5th-edition,exposition,une,,noun,,hobby,174
tricolore-2-5th-edition,facile,,,adjective,,none,174
tricolore-2-5th-edition,faire,,,verb,,none,174
tricolore-2-5th-edition,faire du jardinage,,,verb,,none,174
tricolore-2-5th-edition,faire du théâtre,,,verb,,hobby,174
tricolore-2-5th-edition,faire la cuisine,,,verb,,none,174
tricolore-2-5th-edition,famille,la,,noun,,family,174
tricolore-2-5th-edition,faux,,,adjective,,none,174
tricolore-2-5th-edition,ferme,une,,noun,,none,174
tricolore-2-5th-edition,feu d'artifice,un,,noun,,hobby,174
tricolore-2-5th-edition,"feu, un incendie",un,,noun,,none,174
tricolore-2-5th-edition,feutre,un,,noun,,none,174
tricolore-2-5th-edition,fiche,une,,noun,,none,174
tricolore-2-5th-edition,fichier,un,,noun,,communication,174
tricolore-2-5th-edition,fille,une,,noun,,family,174
tricolore-2-5th-edition,film,un,,noun,,hobby,174
tricolore-2-5th-edition,fin,la,,noun,,none,174
tricolore-2-5th-edition,finir,,,verb,,none,174
tricolore-2-5th-edition,fleur,une,,noun,,none,174
tricolore-2-5th-edition,flûte,la,,noun,,hobby,174
tricolore-2-5th-edition,"football, le foot",le,,noun,,health,174
tricolore-2-5th-edition,frais (fraîche),,,adjective,,none,174
tricolore-2-5th-edition,France,la,,noun,,none,174
tricolore-2-5th-edition,français,,,adjective,,none,174
tricolore-2-5th-edition,frigo,un,,noun,,home,174
tricolore-2-5th-edition,fruit,un,,noun,,food,174
tricolore-2-5th-edition,février,,,noun,,time-dates,174
tricolore-2-5th-edition,fête,une,,noun,,hobby,174
tricolore-2-5th-edition,gant,un,,noun,,shopping,174
tricolore-2-5th-edition,garage,un,,noun,,home,174
tricolore-2-5th-edition,gardien(ne) de but,un(e),,noun,,profession,174
tricolore-2-5th-edition,gazeux (gazeuse),,,adjective,,none,174
tricolore-2-5th-edition,grand magasin,un,,noun,,shopping,174
tricolore-2-5th-edition,grand-mère,la,,noun,,family,174
tricolore-2-5th-edition,grand-père,le,,noun,,family,174
tricolore-2-5th-edition,grands-parents,les,,noun,,family,174
tricolore-2-5th-edition,gratuit,,,adjective,,none,174
tricolore-2-5th-edition,gris,,,adjective,,none,174
tricolore-2-5th-edition,gros(se),,,adjective,,none,174
tricolore-2-5th-edition,Grèce,la,,noun,,none,174
tricolore-2-5th-edition,guitare,une,,noun,,hobby,174
tricolore-2-5th-edition,gymnase,un,,noun,,none,174
tricolore-2-5th-edition,gymnastique,la,,noun,,hobby,174
tricolore-2-5th-edition,géographie,la,,noun,,school,174
tricolore-2-5th-edition,hamster,un,,noun,,none,174
tricolore-2-5th-edition,haut,,,adjective,,none,174
tricolore-2-5th-edition,heureusement,,,adverb,,none,174
tricolore-2-5th-edition,histoire (f),l',,noun,,none,174
tricolore-2-5th-edition,hockey,le,,noun,,none,174
tricolore-2-5th-edition,ici,,,adverb,,none,174
tricolore-2-5th-edition,il aime,,,phrase,,none,174
tricolore-2-5th-edition,il est fort en français,,,phrase,,none,174
tricolore-2-5th-edition,il est interdit de ...,,,phrase,,none,174
tricolore-2-5th-edition,il fait beau,,,phrase,,weather,174
tricolore-2-5th-edition,il y a du brouillard,,,phrase,,weather,174
tricolore-2-5th-edition,inconvénient,un,,noun,,none,174
tricolore-2-5th-edition,jambon,le,,noun,,food,174
tricolore-2-5th-edition,jardin,un,,noun,,home,174
tricolore-2-5th-edition,je n'aime pas,,,phrase,,none,174
tricolore-2-5th-edition,jeu,un,,noun,,hobby,174
tricolore-2-5th-edition,jeu vidéo (des jeux vidéo),un,,noun,,hobby,174
tricolore-2-5th-edition,jour,un,,noun,,time-dates,174
tricolore-2-5th-edition,jus de fruit,un,,noun,,food,174
tricolore-2-5th-edition,libre,,,adjective,,none,174
tricolore-2-5th-edition,loin,,,adverb,,none,174
tricolore-2-5th-edition,lourd,,,adjective,,none,174
tricolore-2-5th-edition,lunettes (f pl),des,,noun,,none,174
tricolore-2-5th-edition,main,la,,noun,,health,174
tricolore-2-5th-edition,Manche,la,,noun,,none,174
tricolore-2-5th-edition,manger,,,verb,,none,174
tricolore-2-5th-edition,match de football,un,,noun,,hobby,174
tricolore-2-5th-edition,match nul,un,,noun,,none,174
tricolore-2-5th-edition,mi-temps,la,,noun,,time-dates,174
tricolore-2-5th-edition,mode,la,,noun,,none,174
tricolore-2-5th-edition,monter,,,verb,,none,174
tricolore-2-5th-edition,mort(e),,,adjective,,none,174
tricolore-2-5th-edition,mourir,,,verb,,none,174
tricolore-2-5th-edition,médecin,un,,noun,,profession,174
tricolore-2-5th-edition,même,,,adjective,,none,174
tricolore-2-5th-edition,nourriture,la,,noun,,food,174
tricolore-2-5th-edition,obligatoire,,,adjective,,none,174
tricolore-2-5th-edition,ordi(nateur),un,,noun,,communication,174
tricolore-2-5th-edition,oublier,,,verb,,none,174
tricolore-2-5th-edition,par exemple,,,phrase,,none,174
tricolore-2-5th-edition,par terre,,,phrase,,none,174
tricolore-2-5th-edition,passe-temps,un,,noun,,hobby,174
tricolore-2-5th-edition,passionnant,,,adjective,,none,174
tricolore-2-5th-edition,pellicule,une,,noun,,hobby,174
tricolore-2-5th-edition,pendant,,,preposition,,none,174
tricolore-2-5th-edition,placard,un,,noun,,home,174
tricolore-2-5th-edition,plancher,le,,noun,,none,174
tricolore-2-5th-edition,plat du jour,le,,noun,,restaurant,174
tricolore-2-5th-edition,point,un,,noun,,none,174
tricolore-2-5th-edition,poisson,le,,noun,,food,174
tricolore-2-5th-edition,poisson rouge,un,,noun,,none,174
tricolore-2-5th-edition,porte,une,,noun,,home,174
tricolore-2-5th-edition,poupée,une,,noun,,none,174
tricolore-2-5th-edition,pour,,,preposition,,none,174
tricolore-2-5th-edition,premier (première),,,other,,none,174
tricolore-2-5th-edition,"préféré, favori(te)",,,phrase,,none,174
tricolore-2-5th-edition,"pupitre, un bureau",un,,noun,,none,174
tricolore-2-5th-edition,Pâques,,,noun,,none,174
tricolore-2-5th-edition,père,le,,noun,,family,174
tricolore-2-5th-edition,père Noël,le,,noun,,family,174
tricolore-2-5th-edition,quinze jours,,,phrase,,none,174
tricolore-2-5th-edition,raisin,un,,noun,,food,174
tricolore-2-5th-edition,"rapide, vite",,,phrase,,none,174
tricolore-2-5th-edition,regarder mes messages,,,verb,,communication,174
tricolore-2-5th-edition,remplir,,,verb,,none,174
tricolore-2-5th-edition,rendre,,,verb,,health,174
tricolore-2-5th-edition,revoir,au,,phrase,,communication,174
tricolore-2-5th-edition,rez-de-chaussée,au,,phrase,,none,174
tricolore-2-5th-edition,robe,une,,noun,,shopping,174
tricolore-2-5th-edition,s'amuser,,,verb,,none,174
tricolore-2-5th-edition,s'entendre avec,,,verb,,none,174
tricolore-2-5th-edition,s'habiller,,,verb,,daily-routine,174
tricolore-2-5th-edition,sale,,,adjective,,none,174
tricolore-2-5th-edition,salle à manger,la,,noun,,home,174
tricolore-2-5th-edition,salut!,,,phrase,,none,174
tricolore-2-5th-edition,santé,la,,noun,,health,174
tricolore-2-5th-edition,sauf,,,preposition,,none,174
tricolore-2-5th-edition,se débrouiller,,,verb,,none,174
tricolore-2-5th-edition,se lever,,,verb,,daily-routine,174
tricolore-2-5th-edition,soir,le,,noun,,time-dates,174
tricolore-2-5th-edition,"son, sa, ses",,,phrase,,family,174
tricolore-2-5th-edition,sortie,la,,noun,,none,174
tricolore-2-5th-edition,sortir,,,verb,,none,174
tricolore-2-5th-edition,surligner,,,verb,,none,174
tricolore-2-5th-edition,surligneur,un,,noun,,none,174
tricolore-2-5th-edition,surtout,,,adverb,,none,174
tricolore-2-5th-edition,TME (travail manuel éducatif),le,,noun,,none,174
tricolore-2-5th-edition,tomber,,,verb,,none,174
tricolore-2-5th-edition,tous les jours,,,phrase,,time-dates,174
tricolore-2-5th-edition,toute la journée,,,phrase,,time-dates,174
tricolore-2-5th-edition,traverser,,,verb,,none,174
tricolore-2-5th-edition,tu ne comprends pas?,,,phrase,,none,174
tricolore-2-5th-edition,tête,la,,noun,,health,174
tricolore-2-5th-edition,vacances (f pl),les,,noun,,vacation,174
tricolore-2-5th-edition,vendredi,,,noun,,time-dates,174
tricolore-2-5th-edition,verre,un,,noun,,none,174
tricolore-2-5th-edition,vert,,,adjective,,none,174
tricolore-2-5th-edition,visage,le,,noun,,none,174
tricolore-2-5th-edition,voici,,,phrase,,none,174
tricolore-2-5th-edition,vol,un,,noun,,none,174
tricolore-2-5th-edition,à la campagne,,,phrase,,vacation,174
tricolore-2-5th-edition,épicerie,une,,noun,,profession,174
tricolore-2-5th-edition,"épicier, une épicière",un,,noun,,profession,174
tricolore-2-5th-edition,œil (les yeux),un,,noun,,none,174
tricolore-2-5th-edition,œuf,un,,noun,,food,174
tricolore-2-5th-edition,œuf à la coque,un,,noun,,food,174
